source, model                                     , method , model_type       , length_controlled_winrate, baseline, improvement
de    , icr_enesru_llama3_8b_npo_checkpoint-1     , icr    , npo_checkpoint-1 ,    12.46403              ,    12.86, -0.39597000000000016
de    , icr_enesru_llama3_8b_npo_checkpoint-2     , icr    , npo_checkpoint-2 ,    12.67829              ,    12.86, -0.18170999999999893
de    , icr_enesru_llama3_8b_npo_checkpoint-3     , icr    , npo_checkpoint-3 ,    12.01791              ,    12.86, -0.8420899999999989
de    , icr_enesru_llama3_8b_npo_checkpoint-4     , icr    , npo_checkpoint-4 ,    12.221                ,    12.86, -0.6389999999999993
de    , icr_enesru_llama3_8b_npo_checkpoint-5     , icr    , npo_checkpoint-5 ,    15.26157              ,    12.86, 2.4015700000000013
de    , icr_enesru_llama3_8b_npo_checkpoint-10    , icr    , npo_checkpoint-10,    14.03344              ,    12.86, 1.1734400000000011
de    , icr_enesru_llama3_8b_npo_checkpoint-20    , icr    , npo_checkpoint-20,     4.29036              ,    12.86, -8.56964
de    , icr_enesru_llama3_8b_npo_checkpoint-30    , icr    , npo_checkpoint-30,     0.000124             ,    12.86, -12.859876
de    , icr_enesru_llama3_8b_npo_150426           , icr    , npo              ,     0.0                  ,    12.86, -12.86
en    , icr_enesru_llama3_8b_npo_checkpoint-1     , icr    , npo_checkpoint-1 ,    21.51858              ,    23.8 , -2.2814200000000007
en    , icr_enesru_llama3_8b_npo_checkpoint-2     , icr    , npo_checkpoint-2 ,    20.20841              ,    23.8 , -3.59159
en    , icr_enesru_llama3_8b_npo_checkpoint-3     , icr    , npo_checkpoint-3 ,    22.28919              ,    23.8 , -1.5108099999999993
en    , icr_enesru_llama3_8b_npo_checkpoint-4     , icr    , npo_checkpoint-4 ,    23.6051               ,    23.8 , -0.19490000000000052
en    , icr_enesru_llama3_8b_npo_checkpoint-5     , icr    , npo_checkpoint-5 ,    20.2145               ,    23.8 , -3.5854999999999997
en    , icr_enesru_llama3_8b_npo_checkpoint-10    , icr    , npo_checkpoint-10,    21.43446              ,    23.8 , -2.3655399999999993
en    , icr_enesru_llama3_8b_npo_checkpoint-20    , icr    , npo_checkpoint-20,     7.844861             ,    23.8 , -15.955139
en    , icr_enesru_llama3_8b_npo_checkpoint-30    , icr    , npo_checkpoint-30,     0.000198             ,    23.8 , -23.799802
en    , icr_enesru_llama3_8b_npo_150426           , icr    , npo              ,     0.0                  ,    23.8 , -23.8
es    , icr_enesru_llama3_8b_npo_checkpoint-1     , icr    , npo_checkpoint-1 ,    13.73458              ,    15.33, -1.5954200000000007
es    , icr_enesru_llama3_8b_npo_checkpoint-2     , icr    , npo_checkpoint-2 ,    13.88582              ,    15.33, -1.4441799999999994
es    , icr_enesru_llama3_8b_npo_checkpoint-3     , icr    , npo_checkpoint-3 ,    14.8913               ,    15.33, -0.43870000000000076
es    , icr_enesru_llama3_8b_npo_checkpoint-4     , icr    , npo_checkpoint-4 ,    14.62712              ,    15.33, -0.7028800000000004
es    , icr_enesru_llama3_8b_npo_checkpoint-5     , icr    , npo_checkpoint-5 ,    13.90501              ,    15.33, -1.4249899999999993
es    , icr_enesru_llama3_8b_npo_checkpoint-10    , icr    , npo_checkpoint-10,    16.38524              ,    15.33, 1.0552399999999995
es    , icr_enesru_llama3_8b_npo_checkpoint-20    , icr    , npo_checkpoint-20,     6.350135             ,    15.33, -8.979865
es    , icr_enesru_llama3_8b_npo_checkpoint-30    , icr    , npo_checkpoint-30,     0.000119             ,    15.33, -15.329881
es    , icr_enesru_llama3_8b_npo_150426           , icr    , npo              ,     0.0                  ,    15.33, -15.33
fr    , icr_enesru_llama3_8b_npo_checkpoint-1     , icr    , npo_checkpoint-1 ,    14.75887              ,    16.39, -1.6311300000000006
fr    , icr_enesru_llama3_8b_npo_checkpoint-2     , icr    , npo_checkpoint-2 ,    16.21798              ,    16.39, -0.17201999999999984
fr    , icr_enesru_llama3_8b_npo_checkpoint-3     , icr    , npo_checkpoint-3 ,    16.15995              ,    16.39, -0.2300500000000021
fr    , icr_enesru_llama3_8b_npo_checkpoint-4     , icr    , npo_checkpoint-4 ,    15.12395              ,    16.39, -1.26605
fr    , icr_enesru_llama3_8b_npo_checkpoint-5     , icr    , npo_checkpoint-5 ,    15.1418               ,    16.39, -1.2482000000000006
fr    , icr_enesru_llama3_8b_npo_checkpoint-10    , icr    , npo_checkpoint-10,    18.34087              ,    16.39, 1.9508699999999983
fr    , icr_enesru_llama3_8b_npo_checkpoint-20    , icr    , npo_checkpoint-20,     6.384518             ,    16.39, -10.005482
fr    , icr_enesru_llama3_8b_npo_checkpoint-30    , icr    , npo_checkpoint-30,     0.00012              ,    16.39, -16.38988
fr    , icr_enesru_llama3_8b_npo_150426           , icr    , npo              ,     0.06                 ,    16.39, -16.330000000000002
ru    , icr_enesru_llama3_8b_npo_checkpoint-1     , icr    , npo_checkpoint-1 ,    11.27638              ,    14.77, -3.49362
ru    , icr_enesru_llama3_8b_npo_checkpoint-2     , icr    , npo_checkpoint-2 ,    12.61436              ,    14.77, -2.15564
ru    , icr_enesru_llama3_8b_npo_checkpoint-3     , icr    , npo_checkpoint-3 ,    13.07095              ,    14.77, -1.6990499999999997
ru    , icr_enesru_llama3_8b_npo_checkpoint-4     , icr    , npo_checkpoint-4 ,    13.96064              ,    14.77, -0.8093599999999999
ru    , icr_enesru_llama3_8b_npo_checkpoint-5     , icr    , npo_checkpoint-5 ,    12.74119              ,    14.77, -2.02881
ru    , icr_enesru_llama3_8b_npo_checkpoint-10    , icr    , npo_checkpoint-10,    14.29818              ,    14.77, -0.47181999999999924
ru    , icr_enesru_llama3_8b_npo_checkpoint-20    , icr    , npo_checkpoint-20,     2.829624             ,    14.77, -11.940376
ru    , icr_enesru_llama3_8b_npo_checkpoint-30    , icr    , npo_checkpoint-30,     0.000241             ,    14.77, -14.769758999999999
ru    , icr_enesru_llama3_8b_npo_150426           , icr    , npo              ,     0.0                  ,    14.77, -14.77
de    , lacomsa_enesru_llama3_8b_npo_checkpoint-1 , lacomsa, npo_checkpoint-1 ,    13.800195297709989    ,    12.86, 0.9401952977099892
de    , lacomsa_enesru_llama3_8b_npo_checkpoint-2 , lacomsa, npo_checkpoint-2 ,    12.454314903336813    ,    12.86, -0.405685096663186
de    , lacomsa_enesru_llama3_8b_npo_checkpoint-3 , lacomsa, npo_checkpoint-3 ,    13.258172045726656    ,    12.86, 0.3981720457266569
de    , lacomsa_enesru_llama3_8b_npo_checkpoint-4 , lacomsa, npo_checkpoint-4 ,    14.154044522876644    ,    12.86, 1.2940445228766446
de    , lacomsa_enesru_llama3_8b_npo_checkpoint-5 , lacomsa, npo_checkpoint-5 ,    12.09426244643636     ,    12.86, -0.765737553563639
de    , lacomsa_enesru_llama3_8b_npo_checkpoint-10, lacomsa, npo_checkpoint-10,    12.762320765821322    ,    12.86, -0.09767923417867763
de    , lacomsa_enesru_llama3_8b_npo_checkpoint-20, lacomsa, npo_checkpoint-20,    13.019633872916877    ,    12.86, 0.1596338729168778
de    , lacomsa_enesru_llama3_8b_npo_checkpoint-30, lacomsa, npo_checkpoint-30,     0.40378832338197085  ,    12.86, -12.456211676618029
de    , lacomsa_enesru_llama3_8b_npo              , lacomsa, npo              ,     0.1126136347072084   ,    12.86, -12.74738636529279
en    , lacomsa_enesru_llama3_8b_npo_checkpoint-1 , lacomsa, npo_checkpoint-1 ,    20.450928899609565    ,    23.8 , -3.349071100390436
en    , lacomsa_enesru_llama3_8b_npo_checkpoint-2 , lacomsa, npo_checkpoint-2 ,    19.246702368469425    ,    23.8 , -4.553297631530576
en    , lacomsa_enesru_llama3_8b_npo_checkpoint-3 , lacomsa, npo_checkpoint-3 ,    19.329179487824838    ,    23.8 , -4.4708205121751625
en    , lacomsa_enesru_llama3_8b_npo_checkpoint-4 , lacomsa, npo_checkpoint-4 ,    22.429648704213697    ,    23.8 , -1.3703512957863033
en    , lacomsa_enesru_llama3_8b_npo_checkpoint-5 , lacomsa, npo_checkpoint-5 ,    19.949514352840946    ,    23.8 , -3.8504856471590543
en    , lacomsa_enesru_llama3_8b_npo_checkpoint-10, lacomsa, npo_checkpoint-10,    22.24941800117641     ,    23.8 , -1.550581998823592
en    , lacomsa_enesru_llama3_8b_npo_checkpoint-20, lacomsa, npo_checkpoint-20,    18.75220502924565     ,    23.8 , -5.0477949707543495
en    , lacomsa_enesru_llama3_8b_npo_checkpoint-30, lacomsa, npo_checkpoint-30,     0.672620161851365    ,    23.8 , -23.127379838148634
en    , lacomsa_enesru_llama3_8b_npo              , lacomsa, npo              ,     0.1276444537025591   ,    23.8 , -23.672355546297442
es    , lacomsa_enesru_llama3_8b_npo_checkpoint-1 , lacomsa, npo_checkpoint-1 ,    15.497133409804286    ,    15.33, 0.16713340980428626
es    , lacomsa_enesru_llama3_8b_npo_checkpoint-2 , lacomsa, npo_checkpoint-2 ,    14.956498717968818    ,    15.33, -0.3735012820311816
es    , lacomsa_enesru_llama3_8b_npo_checkpoint-3 , lacomsa, npo_checkpoint-3 ,    14.119868528570606    ,    15.33, -1.2101314714293938
es    , lacomsa_enesru_llama3_8b_npo_checkpoint-4 , lacomsa, npo_checkpoint-4 ,    14.127562839174965    ,    15.33, -1.2024371608250348
es    , lacomsa_enesru_llama3_8b_npo_checkpoint-5 , lacomsa, npo_checkpoint-5 ,    14.544496843281026    ,    15.33, -0.7855031567189741
es    , lacomsa_enesru_llama3_8b_npo_checkpoint-10, lacomsa, npo_checkpoint-10,    13.577722067461675    ,    15.33, -1.752277932538325
es    , lacomsa_enesru_llama3_8b_npo_checkpoint-20, lacomsa, npo_checkpoint-20,    15.58854051777411     ,    15.33, 0.2585405177741098
es    , lacomsa_enesru_llama3_8b_npo_checkpoint-30, lacomsa, npo_checkpoint-30,     1.1961320310163792   ,    15.33, -14.13386796898362
es    , lacomsa_enesru_llama3_8b_npo              , lacomsa, npo              ,     0.30584405033231077  ,    15.33, -15.024155949667689
fr    , lacomsa_enesru_llama3_8b_npo_checkpoint-1 , lacomsa, npo_checkpoint-1 ,    14.369741037020614    ,    16.39, -2.020258962979387
fr    , lacomsa_enesru_llama3_8b_npo_checkpoint-2 , lacomsa, npo_checkpoint-2 ,    15.029234258268719    ,    16.39, -1.3607657417312815
fr    , lacomsa_enesru_llama3_8b_npo_checkpoint-3 , lacomsa, npo_checkpoint-3 ,    15.48744979629044     ,    16.39, -0.902550203709561
fr    , lacomsa_enesru_llama3_8b_npo_checkpoint-4 , lacomsa, npo_checkpoint-4 ,    14.717085789071383    ,    16.39, -1.6729142109286173
fr    , lacomsa_enesru_llama3_8b_npo_checkpoint-5 , lacomsa, npo_checkpoint-5 ,    17.35886084811705     ,    16.39, 0.9688608481170498
fr    , lacomsa_enesru_llama3_8b_npo_checkpoint-10, lacomsa, npo_checkpoint-10,    18.871063799382252    ,    16.39, 2.4810637993822517
fr    , lacomsa_enesru_llama3_8b_npo_checkpoint-20, lacomsa, npo_checkpoint-20,    17.32496051359594     ,    16.39, 0.9349605135959393
fr    , lacomsa_enesru_llama3_8b_npo_checkpoint-30, lacomsa, npo_checkpoint-30,     0.7501032645569883   ,    16.39, -15.639896735443012
fr    , lacomsa_enesru_llama3_8b_npo              , lacomsa, npo              ,     0.3505598707255502   ,    16.39, -16.03944012927445
ru    , lacomsa_enesru_llama3_8b_npo_checkpoint-1 , lacomsa, npo_checkpoint-1 ,    14.12722604680826     ,    14.77, -0.6427739531917389
ru    , lacomsa_enesru_llama3_8b_npo_checkpoint-2 , lacomsa, npo_checkpoint-2 ,    12.600514817981285    ,    14.77, -2.1694851820187147
ru    , lacomsa_enesru_llama3_8b_npo_checkpoint-3 , lacomsa, npo_checkpoint-3 ,    11.884172899448854    ,    14.77, -2.885827100551145
ru    , lacomsa_enesru_llama3_8b_npo_checkpoint-4 , lacomsa, npo_checkpoint-4 ,    11.892639092117657    ,    14.77, -2.877360907882343
ru    , lacomsa_enesru_llama3_8b_npo_checkpoint-5 , lacomsa, npo_checkpoint-5 ,    12.97650077305805     ,    14.77, -1.7934992269419503
ru    , lacomsa_enesru_llama3_8b_npo_checkpoint-10, lacomsa, npo_checkpoint-10,    13.054567365029882    ,    14.77, -1.7154326349701172
ru    , lacomsa_enesru_llama3_8b_npo_checkpoint-20, lacomsa, npo_checkpoint-20,    14.854031254930918    ,    14.77, 0.08403125493091856
ru    , lacomsa_enesru_llama3_8b_npo_checkpoint-30, lacomsa, npo_checkpoint-30,     0.3289520680592987   ,    14.77, -14.441047931940702
ru    , lacomsa_enesru_llama3_8b_npo              , lacomsa, npo              ,     0.0001758042505879285,    14.77, -14.769824195749411
de    , mapo_enesru_llama3_8b_npo_checkpoint-1    , mapo   , npo_checkpoint-1 ,    13.800195297709989    ,    12.86, 0.9401952977099892
de    , mapo_enesru_llama3_8b_npo_checkpoint-2    , mapo   , npo_checkpoint-2 ,    12.217804747949316    ,    12.86, -0.6421952520506835
de    , mapo_enesru_llama3_8b_npo_checkpoint-3    , mapo   , npo_checkpoint-3 ,    13.756686007656679    ,    12.86, 0.8966860076566796
de    , mapo_enesru_llama3_8b_npo_checkpoint-4    , mapo   , npo_checkpoint-4 ,    13.022265986259224    ,    12.86, 0.16226598625922506
de    , mapo_enesru_llama3_8b_npo_checkpoint-5    , mapo   , npo_checkpoint-5 ,    13.171414411266033    ,    12.86, 0.31141441126603375
de    , mapo_enesru_llama3_8b_npo_checkpoint-10   , mapo   , npo_checkpoint-10,    11.979340012080797    ,    12.86, -0.8806599879192021
de    , mapo_enesru_llama3_8b_npo_checkpoint-20   , mapo   , npo_checkpoint-20,     1.056808849718744    ,    12.86, -11.803191150281256
de    , mapo_enesru_llama3_8b_npo_checkpoint-30   , mapo   , npo_checkpoint-30,     0.939292666261898    ,    12.86, -11.920707333738102
de    , mapo_enesru_llama3_8b_npo                 , mapo   , npo              ,     0.6499020230382654   ,    12.86, -12.210097976961734
en    , mapo_enesru_llama3_8b_npo_checkpoint-1    , mapo   , npo_checkpoint-1 ,    20.450928899609565    ,    23.8 , -3.349071100390436
en    , mapo_enesru_llama3_8b_npo_checkpoint-2    , mapo   , npo_checkpoint-2 ,    20.018900520123882    ,    23.8 , -3.7810994798761186
en    , mapo_enesru_llama3_8b_npo_checkpoint-3    , mapo   , npo_checkpoint-3 ,    19.012276025079455    ,    23.8 , -4.787723974920546
en    , mapo_enesru_llama3_8b_npo_checkpoint-4    , mapo   , npo_checkpoint-4 ,    20.390203394207507    ,    23.8 , -3.4097966057924936
en    , mapo_enesru_llama3_8b_npo_checkpoint-5    , mapo   , npo_checkpoint-5 ,    21.70495927241118     ,    23.8 , -2.0950407275888203
en    , mapo_enesru_llama3_8b_npo_checkpoint-10   , mapo   , npo_checkpoint-10,    22.592335824301436    ,    23.8 , -1.2076641756985644
en    , mapo_enesru_llama3_8b_npo_checkpoint-20   , mapo   , npo_checkpoint-20,    15.9570154651239      ,    23.8 , -7.8429845348761
en    , mapo_enesru_llama3_8b_npo_checkpoint-30   , mapo   , npo_checkpoint-30,     9.926669207115738    ,    23.8 , -13.873330792884262
en    , mapo_enesru_llama3_8b_npo                 , mapo   , npo              ,     5.871601822411838    ,    23.8 , -17.928398177588164
es    , mapo_enesru_llama3_8b_npo_checkpoint-1    , mapo   , npo_checkpoint-1 ,    15.497133409804286    ,    15.33, 0.16713340980428626
es    , mapo_enesru_llama3_8b_npo_checkpoint-2    , mapo   , npo_checkpoint-2 ,    15.459187301996344    ,    15.33, 0.12918730199634432
es    , mapo_enesru_llama3_8b_npo_checkpoint-3    , mapo   , npo_checkpoint-3 ,    15.080336293353005    ,    15.33, -0.2496637066469951
es    , mapo_enesru_llama3_8b_npo_checkpoint-4    , mapo   , npo_checkpoint-4 ,    15.196673380675612    ,    15.33, -0.1333266193243876
es    , mapo_enesru_llama3_8b_npo_checkpoint-5    , mapo   , npo_checkpoint-5 ,    14.304300322942087    ,    15.33, -1.0256996770579132
es    , mapo_enesru_llama3_8b_npo_checkpoint-10   , mapo   , npo_checkpoint-10,    14.23779995701085     ,    15.33, -1.09220004298915
es    , mapo_enesru_llama3_8b_npo_checkpoint-20   , mapo   , npo_checkpoint-20,     1.5787017040151978   ,    15.33, -13.751298295984803
es    , mapo_enesru_llama3_8b_npo_checkpoint-30   , mapo   , npo_checkpoint-30,     0.46225926840600207  ,    15.33, -14.867740731593997
es    , mapo_enesru_llama3_8b_npo                 , mapo   , npo              ,     0.34205044990609945  ,    15.33, -14.987949550093902
fr    , mapo_enesru_llama3_8b_npo_checkpoint-1    , mapo   , npo_checkpoint-1 ,    14.369741037020614    ,    16.39, -2.020258962979387
fr    , mapo_enesru_llama3_8b_npo_checkpoint-2    , mapo   , npo_checkpoint-2 ,    15.219694730149424    ,    16.39, -1.1703052698505765
fr    , mapo_enesru_llama3_8b_npo_checkpoint-3    , mapo   , npo_checkpoint-3 ,    15.936300609347978    ,    16.39, -0.453699390652023
fr    , mapo_enesru_llama3_8b_npo_checkpoint-4    , mapo   , npo_checkpoint-4 ,    15.271839697088568    ,    16.39, -1.1181603029114324
fr    , mapo_enesru_llama3_8b_npo_checkpoint-5    , mapo   , npo_checkpoint-5 ,    16.6888231576936      ,    16.39, 0.2988231576936009
fr    , mapo_enesru_llama3_8b_npo_checkpoint-10   , mapo   , npo_checkpoint-10,    15.012721877755405    ,    16.39, -1.3772781222445953
fr    , mapo_enesru_llama3_8b_npo_checkpoint-20   , mapo   , npo_checkpoint-20,     1.405040023245031    ,    16.39, -14.98495997675497
fr    , mapo_enesru_llama3_8b_npo_checkpoint-30   , mapo   , npo_checkpoint-30,     0.8543079755544772   ,    16.39, -15.535692024445524
fr    , mapo_enesru_llama3_8b_npo                 , mapo   , npo              ,     0.5622910155075688   ,    16.39, -15.827708984492432
ru    , mapo_enesru_llama3_8b_npo_checkpoint-1    , mapo   , npo_checkpoint-1 ,    14.12722604680826     ,    14.77, -0.6427739531917389
ru    , mapo_enesru_llama3_8b_npo_checkpoint-2    , mapo   , npo_checkpoint-2 ,    14.480377819520946    ,    14.77, -0.2896221804790535
ru    , mapo_enesru_llama3_8b_npo_checkpoint-3    , mapo   , npo_checkpoint-3 ,    12.986174845558898    ,    14.77, -1.783825154441102
ru    , mapo_enesru_llama3_8b_npo_checkpoint-4    , mapo   , npo_checkpoint-4 ,    13.026313027207495    ,    14.77, -1.7436869727925046
ru    , mapo_enesru_llama3_8b_npo_checkpoint-5    , mapo   , npo_checkpoint-5 ,    13.098800345133164    ,    14.77, -1.671199654866836
ru    , mapo_enesru_llama3_8b_npo_checkpoint-10   , mapo   , npo_checkpoint-10,    13.754952071021535    ,    14.77, -1.0150479289784649
ru    , mapo_enesru_llama3_8b_npo_checkpoint-20   , mapo   , npo_checkpoint-20,     1.0063110672125337   ,    14.77, -13.763688932787465
ru    , mapo_enesru_llama3_8b_npo_checkpoint-30   , mapo   , npo_checkpoint-30,     0.6342027327192034   ,    14.77, -14.135797267280797
ru    , mapo_enesru_llama3_8b_npo                 , mapo   , npo              ,     0.2868902930011138   ,    14.77, -14.483109706998885
