model,language,layer,mean,std,mean_pm_std,n
base-sft-dpo,de,0,-0.030993460163795637,0.008724216222889944,-0.030993 +- 0.008724,3
base-sft-dpo,de,1,-0.17012148718280828,0.01691365612070823,-0.170121 +- 0.016914,3
base-sft-dpo,de,2,-0.0889222313482995,0.020962109491378587,-0.088922 +- 0.020962,3
base-sft-dpo,de,3,0.06827787890669601,0.020391113271682037,0.068278 +- 0.020391,3
base-sft-dpo,de,4,0.14613964167764842,0.020677896369895307,0.146140 +- 0.020678,3
base-sft-dpo,de,5,0.17482195771826614,0.020001959881985873,0.174822 +- 0.020002,3
base-sft-dpo,de,6,0.19639129307877468,0.017881018897219516,0.196391 +- 0.017881,3
base-sft-dpo,de,7,0.21840879327469345,0.016467137936120507,0.218409 +- 0.016467,3
base-sft-dpo,de,8,0.2419155151543582,0.016663732713205304,0.241916 +- 0.016664,3
base-sft-dpo,de,9,0.23852708292341582,0.0160156440303847,0.238527 +- 0.016016,3
base-sft-dpo,de,10,0.2314486849368528,0.01461893426511725,0.231449 +- 0.014619,3
base-sft-dpo,de,11,0.2143057088974058,0.015122087173665264,0.214306 +- 0.015122,3
base-sft-dpo,de,12,0.21201382503238292,0.014409311390610796,0.212014 +- 0.014409,3
base-sft-dpo,de,13,0.2560760467968073,0.015899050873577233,0.256076 +- 0.015899,3
base-sft-dpo,de,14,0.25642317898964695,0.0155527918616566,0.256423 +- 0.015553,3
base-sft-dpo,de,15,0.31377767742169205,0.01549424421089925,0.313778 +- 0.015494,3
base-sft-dpo,de,16,0.31098230342421124,0.014361067193463348,0.310982 +- 0.014361,3
base-sft-dpo,de,17,0.3187178187043292,0.014412477783868873,0.318718 +- 0.014412,3
base-sft-dpo,de,18,0.2989943173469059,0.013997340610227265,0.298994 +- 0.013997,3
base-sft-dpo,de,19,0.29518409210614804,0.01413124171859674,0.295184 +- 0.014131,3
base-sft-dpo,de,20,0.2789733290998645,0.013570885257199447,0.278973 +- 0.013571,3
base-sft-dpo,de,21,0.28378803673309205,0.013698979881420437,0.283788 +- 0.013699,3
base-sft-dpo,de,22,0.27828587648665537,0.01530035734568057,0.278286 +- 0.015300,3
base-sft-dpo,de,23,0.24543480536821047,0.015783290461174604,0.245435 +- 0.015783,3
base-sft-dpo,de,24,0.2079353722676747,0.014526027587140465,0.207935 +- 0.014526,3
base-sft-dpo,de,25,0.1823218742514623,0.014215985380555053,0.182322 +- 0.014216,3
base-sft-dpo,de,26,0.13628679287381357,0.013472174539230908,0.136287 +- 0.013472,3
base-sft-dpo,de,27,0.11092381909759755,0.011035169099244922,0.110924 +- 0.011035,3
base-sft-dpo,de,28,0.08681317656200914,0.012689080282641542,0.086813 +- 0.012689,3
base-sft-dpo,de,29,0.08747407292401252,0.01199436337021552,0.087474 +- 0.011994,3
base-sft-dpo,de,30,0.09442847059037586,0.00833489404152303,0.094428 +- 0.008335,3
base-sft-dpo,de,31,0.17397317180478397,0.006714973599298727,0.173973 +- 0.006715,3
base-sft-dpo,es,0,-0.017455645342539086,0.011039163513317027,-0.017456 +- 0.011039,3
base-sft-dpo,es,1,-0.15432393243898682,0.019799973571231477,-0.154324 +- 0.019800,3
base-sft-dpo,es,2,-0.07342251216183047,0.02378557020165028,-0.073423 +- 0.023786,3
base-sft-dpo,es,3,0.09887604503760392,0.028193700011798366,0.098876 +- 0.028194,3
base-sft-dpo,es,4,0.1701005571383985,0.03129528696314931,0.170101 +- 0.031295,3
base-sft-dpo,es,5,0.2035114251382287,0.03324883648308381,0.203511 +- 0.033249,3
base-sft-dpo,es,6,0.22194803357421286,0.030825083965465558,0.221948 +- 0.030825,3
base-sft-dpo,es,7,0.246160032244358,0.02946962788533654,0.246160 +- 0.029470,3
base-sft-dpo,es,8,0.2672098264444382,0.028745817347924862,0.267210 +- 0.028746,3
base-sft-dpo,es,9,0.2649937935719022,0.026751922567103965,0.264994 +- 0.026752,3
base-sft-dpo,es,10,0.25836133184017085,0.024995766788404258,0.258361 +- 0.024996,3
base-sft-dpo,es,11,0.239453970691331,0.025371715877537445,0.239454 +- 0.025372,3
base-sft-dpo,es,12,0.23965709632506846,0.02366650987133442,0.239657 +- 0.023667,3
base-sft-dpo,es,13,0.2838895165906908,0.025259527976139787,0.283890 +- 0.025260,3
base-sft-dpo,es,14,0.2910012811076179,0.02565968352981033,0.291001 +- 0.025660,3
base-sft-dpo,es,15,0.35043631318900115,0.02610405858584395,0.350436 +- 0.026104,3
base-sft-dpo,es,16,0.34875267784974395,0.0256399666430495,0.348753 +- 0.025640,3
base-sft-dpo,es,17,0.35843199110520013,0.025625510645192726,0.358432 +- 0.025626,3
base-sft-dpo,es,18,0.34689392542921943,0.024548375589308984,0.346894 +- 0.024548,3
base-sft-dpo,es,19,0.33669453658663456,0.023884098634793557,0.336695 +- 0.023884,3
base-sft-dpo,es,20,0.321371289531371,0.02309400520698174,0.321371 +- 0.023094,3
base-sft-dpo,es,21,0.3343921001715467,0.02288821153534715,0.334392 +- 0.022888,3
base-sft-dpo,es,22,0.3330166115442857,0.023169753334016708,0.333017 +- 0.023170,3
base-sft-dpo,es,23,0.3189665009380884,0.02215093472434088,0.318967 +- 0.022151,3
base-sft-dpo,es,24,0.26302579549900007,0.019091076343593905,0.263026 +- 0.019091,3
base-sft-dpo,es,25,0.24042530896352166,0.018203114885084196,0.240425 +- 0.018203,3
base-sft-dpo,es,26,0.16850584641134786,0.015694748859705163,0.168506 +- 0.015695,3
base-sft-dpo,es,27,0.1300029602678328,0.012865287358063096,0.130003 +- 0.012865,3
base-sft-dpo,es,28,0.10615489152807919,0.011117748186539487,0.106155 +- 0.011118,3
base-sft-dpo,es,29,0.10214975462212098,0.011563149872984903,0.102150 +- 0.011563,3
base-sft-dpo,es,30,0.09853132631285452,0.011065198394275099,0.098531 +- 0.011065,3
base-sft-dpo,es,31,0.1976445372550297,0.011311553192788476,0.197645 +- 0.011312,3
base-sft-dpo,fr,0,-0.019357965339883373,0.00787655601609375,-0.019358 +- 0.007877,3
base-sft-dpo,fr,1,-0.1590388070180856,0.01436056739946828,-0.159039 +- 0.014361,3
base-sft-dpo,fr,2,-0.08259891483612318,0.015841495910156354,-0.082599 +- 0.015841,3
base-sft-dpo,fr,3,0.08047027422907393,0.019369826996867182,0.080470 +- 0.019370,3
base-sft-dpo,fr,4,0.1543064602006421,0.0207436945555475,0.154306 +- 0.020744,3
base-sft-dpo,fr,5,0.18839185145513615,0.02239156393299955,0.188392 +- 0.022392,3
base-sft-dpo,fr,6,0.20762511956837645,0.020980925625046457,0.207625 +- 0.020981,3
base-sft-dpo,fr,7,0.23217083863477264,0.0202706703502209,0.232171 +- 0.020271,3
base-sft-dpo,fr,8,0.2543620361642306,0.020839942687653053,0.254362 +- 0.020840,3
base-sft-dpo,fr,9,0.25206094416361213,0.020413640024201277,0.252061 +- 0.020414,3
base-sft-dpo,fr,10,0.24642701461003283,0.019013645095039132,0.246427 +- 0.019014,3
base-sft-dpo,fr,11,0.2274319211153671,0.019092036139703655,0.227432 +- 0.019092,3
base-sft-dpo,fr,12,0.22694646430821303,0.01848023685230448,0.226946 +- 0.018480,3
base-sft-dpo,fr,13,0.2717506935442765,0.02172672075841232,0.271751 +- 0.021727,3
base-sft-dpo,fr,14,0.27863672550499313,0.02109400830460809,0.278637 +- 0.021094,3
base-sft-dpo,fr,15,0.3391254679246169,0.02290805512977875,0.339125 +- 0.022908,3
base-sft-dpo,fr,16,0.33501670877858286,0.02259113254366005,0.335017 +- 0.022591,3
base-sft-dpo,fr,17,0.3394500448824634,0.022643801305772576,0.339450 +- 0.022644,3
base-sft-dpo,fr,18,0.32894084054317907,0.02216622609535635,0.328941 +- 0.022166,3
base-sft-dpo,fr,19,0.31440988226736094,0.021126515654106424,0.314410 +- 0.021127,3
base-sft-dpo,fr,20,0.30205864822390066,0.020589745654275893,0.302059 +- 0.020590,3
base-sft-dpo,fr,21,0.30371216007755664,0.02052731181446885,0.303712 +- 0.020527,3
base-sft-dpo,fr,22,0.3030619945967267,0.021661915352888885,0.303062 +- 0.021662,3
base-sft-dpo,fr,23,0.285362692502771,0.021058993365252954,0.285363 +- 0.021059,3
base-sft-dpo,fr,24,0.23971499461713625,0.019627064556402993,0.239715 +- 0.019627,3
base-sft-dpo,fr,25,0.2253991222512547,0.019271188887334565,0.225399 +- 0.019271,3
base-sft-dpo,fr,26,0.14728483320139868,0.016788092812723792,0.147285 +- 0.016788,3
base-sft-dpo,fr,27,0.12630083190645874,0.015397911835215581,0.126301 +- 0.015398,3
base-sft-dpo,fr,28,0.11254572714765611,0.015542211030760665,0.112546 +- 0.015542,3
base-sft-dpo,fr,29,0.11330429969341334,0.01488758166430677,0.113304 +- 0.014888,3
base-sft-dpo,fr,30,0.11934711574126337,0.01425267261935681,0.119347 +- 0.014253,3
base-sft-dpo,fr,31,0.1895787082010973,0.009876532551659685,0.189579 +- 0.009877,3
base-sft-dpo,ru,0,-0.0443404188928378,0.012317663872967174,-0.044340 +- 0.012318,3
base-sft-dpo,ru,1,-0.15796950622890274,0.02323940310203027,-0.157970 +- 0.023239,3
base-sft-dpo,ru,2,-0.09011695180295963,0.02504325682126448,-0.090117 +- 0.025043,3
base-sft-dpo,ru,3,0.07481751534534148,0.028278573671306262,0.074818 +- 0.028279,3
base-sft-dpo,ru,4,0.14785374961138684,0.03170297703633253,0.147854 +- 0.031703,3
base-sft-dpo,ru,5,0.17448899729026618,0.032532800279168037,0.174489 +- 0.032533,3
base-sft-dpo,ru,6,0.19706137852682915,0.028160044014641828,0.197061 +- 0.028160,3
base-sft-dpo,ru,7,0.21593572671558878,0.024623124099098368,0.215936 +- 0.024623,3
base-sft-dpo,ru,8,0.2331291323161088,0.024678140562156278,0.233129 +- 0.024678,3
base-sft-dpo,ru,9,0.22455015507347167,0.023842958112335142,0.224550 +- 0.023843,3
base-sft-dpo,ru,10,0.2181414639869458,0.021652007639018256,0.218141 +- 0.021652,3
base-sft-dpo,ru,11,0.19833498956874276,0.021269734810698403,0.198335 +- 0.021270,3
base-sft-dpo,ru,12,0.19533383503574556,0.018716133236313055,0.195334 +- 0.018716,3
base-sft-dpo,ru,13,0.23950722352116308,0.019835121618871864,0.239507 +- 0.019835,3
base-sft-dpo,ru,14,0.24126035995354947,0.01963268335779027,0.241260 +- 0.019633,3
base-sft-dpo,ru,15,0.30083277170181066,0.0213302497939153,0.300833 +- 0.021330,3
base-sft-dpo,ru,16,0.2945237094313061,0.021530492458615515,0.294524 +- 0.021530,3
base-sft-dpo,ru,17,0.30360857533950075,0.021743858623362172,0.303609 +- 0.021744,3
base-sft-dpo,ru,18,0.29622266821438403,0.0215476363224864,0.296223 +- 0.021548,3
base-sft-dpo,ru,19,0.2899263338114201,0.021105949091656556,0.289926 +- 0.021106,3
base-sft-dpo,ru,20,0.27770894914642824,0.02035853594993529,0.277709 +- 0.020359,3
base-sft-dpo,ru,21,0.28782899717062327,0.02156374987611236,0.287829 +- 0.021564,3
base-sft-dpo,ru,22,0.2730888558672636,0.022013776715361314,0.273089 +- 0.022014,3
base-sft-dpo,ru,23,0.2670178303882341,0.021525265396204175,0.267018 +- 0.021525,3
base-sft-dpo,ru,24,0.22997497621277838,0.01917288875925888,0.229975 +- 0.019173,3
base-sft-dpo,ru,25,0.2246964122124217,0.01888780735590204,0.224696 +- 0.018888,3
base-sft-dpo,ru,26,0.18174213856948704,0.015540988603224193,0.181742 +- 0.015541,3
base-sft-dpo,ru,27,0.12205457477287966,0.011111097112565506,0.122055 +- 0.011111,3
base-sft-dpo,ru,28,0.11000340045962434,0.010688089169945045,0.110003 +- 0.010688,3
base-sft-dpo,ru,29,0.11262529517387475,0.010866313921877814,0.112625 +- 0.010866,3
base-sft-dpo,ru,30,0.08932500477728127,0.010333862409116398,0.089325 +- 0.010334,3
base-sft-dpo,ru,31,0.1797651574505387,0.01681598514063435,0.179765 +- 0.016816,3
icr_dpo_ckpt36,de,0,-0.03084761304608812,0.00870808912726314,-0.030848 +- 0.008708,3
icr_dpo_ckpt36,de,1,-0.170370343357921,0.016784420073567476,-0.170370 +- 0.016784,3
icr_dpo_ckpt36,de,2,-0.08906359336679871,0.02086110060270644,-0.089064 +- 0.020861,3
icr_dpo_ckpt36,de,3,0.06804442258039557,0.02035959407307563,0.068044 +- 0.020360,3
icr_dpo_ckpt36,de,4,0.1460035774297376,0.020605269178564107,0.146004 +- 0.020605,3
icr_dpo_ckpt36,de,5,0.17428694553490817,0.0199349498665216,0.174287 +- 0.019935,3
icr_dpo_ckpt36,de,6,0.195627260327624,0.017783501453425502,0.195627 +- 0.017784,3
icr_dpo_ckpt36,de,7,0.2178048374967547,0.01639038327109263,0.217805 +- 0.016390,3
icr_dpo_ckpt36,de,8,0.24110381059143352,0.01662990196947644,0.241104 +- 0.016630,3
icr_dpo_ckpt36,de,9,0.23813036658272324,0.015992897667385573,0.238130 +- 0.015993,3
icr_dpo_ckpt36,de,10,0.23115263396448177,0.014592009665357933,0.231153 +- 0.014592,3
icr_dpo_ckpt36,de,11,0.21421940030041026,0.015114480499028922,0.214219 +- 0.015114,3
icr_dpo_ckpt36,de,12,0.21230946460385294,0.014401034399491024,0.212309 +- 0.014401,3
icr_dpo_ckpt36,de,13,0.2563304763806791,0.015936926078362987,0.256330 +- 0.015937,3
icr_dpo_ckpt36,de,14,0.256549050596779,0.015615787950150997,0.256549 +- 0.015616,3
icr_dpo_ckpt36,de,15,0.314751076323864,0.015568760740538132,0.314751 +- 0.015569,3
icr_dpo_ckpt36,de,16,0.3121568688167595,0.014499621922374037,0.312157 +- 0.014500,3
icr_dpo_ckpt36,de,17,0.3199729406605955,0.014496596801038705,0.319973 +- 0.014497,3
icr_dpo_ckpt36,de,18,0.3000513382588438,0.014096569240710252,0.300051 +- 0.014097,3
icr_dpo_ckpt36,de,19,0.296162689789865,0.014220663206881706,0.296163 +- 0.014221,3
icr_dpo_ckpt36,de,20,0.2799500845841889,0.013663148830533094,0.279950 +- 0.013663,3
icr_dpo_ckpt36,de,21,0.2845143365029367,0.013738814543299728,0.284514 +- 0.013739,3
icr_dpo_ckpt36,de,22,0.2787923834927282,0.015315903054368137,0.278792 +- 0.015316,3
icr_dpo_ckpt36,de,23,0.2458049872221071,0.015810565137188315,0.245805 +- 0.015811,3
icr_dpo_ckpt36,de,24,0.20827513282472226,0.014603195691271382,0.208275 +- 0.014603,3
icr_dpo_ckpt36,de,25,0.18250123280652236,0.014359508200853972,0.182501 +- 0.014360,3
icr_dpo_ckpt36,de,26,0.13575184802916085,0.013636194199067374,0.135752 +- 0.013636,3
icr_dpo_ckpt36,de,27,0.11016067900848725,0.011190083256745567,0.110161 +- 0.011190,3
icr_dpo_ckpt36,de,28,0.08508212372646452,0.012739149842713992,0.085082 +- 0.012739,3
icr_dpo_ckpt36,de,29,0.08537661712561978,0.012115252265116753,0.085377 +- 0.012115,3
icr_dpo_ckpt36,de,30,0.09342496055531353,0.008481217987529446,0.093425 +- 0.008481,3
icr_dpo_ckpt36,de,31,0.1755127796689223,0.0066801071901877035,0.175513 +- 0.006680,3
icr_dpo_ckpt36,es,0,-0.017210065494512226,0.011069736005436507,-0.017210 +- 0.011070,3
icr_dpo_ckpt36,es,1,-0.15456155427158705,0.019694551550622413,-0.154562 +- 0.019695,3
icr_dpo_ckpt36,es,2,-0.07368977449199168,0.02374708613394819,-0.073690 +- 0.023747,3
icr_dpo_ckpt36,es,3,0.09827069814836008,0.02822275170512346,0.098271 +- 0.028223,3
icr_dpo_ckpt36,es,4,0.16961209520984255,0.03129301537087295,0.169612 +- 0.031293,3
icr_dpo_ckpt36,es,5,0.20276883007656993,0.03324245747874208,0.202769 +- 0.033242,3
icr_dpo_ckpt36,es,6,0.22104705655303336,0.030781159793904014,0.221047 +- 0.030781,3
icr_dpo_ckpt36,es,7,0.2454810090876942,0.029430590527709615,0.245481 +- 0.029431,3
icr_dpo_ckpt36,es,8,0.266317365152942,0.028729275909342267,0.266317 +- 0.028729,3
icr_dpo_ckpt36,es,9,0.2643215693812625,0.026735347228835863,0.264322 +- 0.026735,3
icr_dpo_ckpt36,es,10,0.2577460640949425,0.024963490837686408,0.257746 +- 0.024963,3
icr_dpo_ckpt36,es,11,0.23912300585171442,0.02536628300538775,0.239123 +- 0.025366,3
icr_dpo_ckpt36,es,12,0.2395197584570795,0.023696834610294957,0.239520 +- 0.023697,3
icr_dpo_ckpt36,es,13,0.2836238007854546,0.02526572237764203,0.283624 +- 0.025266,3
icr_dpo_ckpt36,es,14,0.2904950698863406,0.025712971577561056,0.290495 +- 0.025713,3
icr_dpo_ckpt36,es,15,0.35088932871676143,0.02621817333476001,0.350889 +- 0.026218,3
icr_dpo_ckpt36,es,16,0.34915603222188624,0.025820248090498262,0.349156 +- 0.025820,3
icr_dpo_ckpt36,es,17,0.35898764111775056,0.025792409709179964,0.358988 +- 0.025792,3
icr_dpo_ckpt36,es,18,0.3473250586339542,0.02469376828705712,0.347325 +- 0.024694,3
icr_dpo_ckpt36,es,19,0.33704231730673584,0.024029656848384102,0.337042 +- 0.024030,3
icr_dpo_ckpt36,es,20,0.321789784486094,0.02328007024150972,0.321790 +- 0.023280,3
icr_dpo_ckpt36,es,21,0.33444360899658937,0.023018599138870725,0.334444 +- 0.023019,3
icr_dpo_ckpt36,es,22,0.3328522079622056,0.023276476810058743,0.332852 +- 0.023276,3
icr_dpo_ckpt36,es,23,0.3184839206421524,0.02224028818846707,0.318484 +- 0.022240,3
icr_dpo_ckpt36,es,24,0.26259796950454506,0.01919254008037201,0.262598 +- 0.019193,3
icr_dpo_ckpt36,es,25,0.23972105857980477,0.018287055652135894,0.239721 +- 0.018287,3
icr_dpo_ckpt36,es,26,0.1669506553330091,0.01573173002693481,0.166951 +- 0.015732,3
icr_dpo_ckpt36,es,27,0.12855607125346474,0.012890876231413521,0.128556 +- 0.012891,3
icr_dpo_ckpt36,es,28,0.10335032606203089,0.011085063398092884,0.103350 +- 0.011085,3
icr_dpo_ckpt36,es,29,0.09872504341723284,0.011509636083030485,0.098725 +- 0.011510,3
icr_dpo_ckpt36,es,30,0.09649890448698104,0.011052619676745212,0.096499 +- 0.011053,3
icr_dpo_ckpt36,es,31,0.19888695658608976,0.011357333614387252,0.198887 +- 0.011357,3
icr_dpo_ckpt36,fr,0,-0.01923905337963923,0.007871930588795433,-0.019239 +- 0.007872,3
icr_dpo_ckpt36,fr,1,-0.1590211228756268,0.014322617280513669,-0.159021 +- 0.014323,3
icr_dpo_ckpt36,fr,2,-0.08261103521053305,0.015844684718602314,-0.082611 +- 0.015845,3
icr_dpo_ckpt36,fr,3,0.08015184056814381,0.019431414081156933,0.080152 +- 0.019431,3
icr_dpo_ckpt36,fr,4,0.15399082861376368,0.020787184788826026,0.153991 +- 0.020787,3
icr_dpo_ckpt36,fr,5,0.18773974535827123,0.022418134397234734,0.187740 +- 0.022418,3
icr_dpo_ckpt36,fr,6,0.20678092234684814,0.020992565067816667,0.206781 +- 0.020993,3
icr_dpo_ckpt36,fr,7,0.23154699163226575,0.02028205385932563,0.231547 +- 0.020282,3
icr_dpo_ckpt36,fr,8,0.2534824303020635,0.02089885782046862,0.253482 +- 0.020899,3
icr_dpo_ckpt36,fr,9,0.25132451532266825,0.020466816439849562,0.251325 +- 0.020467,3
icr_dpo_ckpt36,fr,10,0.2457018100654599,0.019062648785059855,0.245702 +- 0.019063,3
icr_dpo_ckpt36,fr,11,0.22698117931385603,0.019156530962594412,0.226981 +- 0.019157,3
icr_dpo_ckpt36,fr,12,0.22675256792776785,0.01852590950720808,0.226753 +- 0.018526,3
icr_dpo_ckpt36,fr,13,0.2714895512760904,0.021750435879955517,0.271490 +- 0.021750,3
icr_dpo_ckpt36,fr,14,0.27819234632058637,0.02112545971438369,0.278192 +- 0.021125,3
icr_dpo_ckpt36,fr,15,0.33961939026474397,0.022966949365135582,0.339619 +- 0.022967,3
icr_dpo_ckpt36,fr,16,0.33548213890740514,0.02269972249876556,0.335482 +- 0.022700,3
icr_dpo_ckpt36,fr,17,0.3400792076460498,0.02272817901307385,0.340079 +- 0.022728,3
icr_dpo_ckpt36,fr,18,0.3294737090707741,0.022248530302284606,0.329474 +- 0.022249,3
icr_dpo_ckpt36,fr,19,0.31500329955571055,0.021230285202249125,0.315003 +- 0.021230,3
icr_dpo_ckpt36,fr,20,0.3026288339953589,0.020710382667892647,0.302629 +- 0.020710,3
icr_dpo_ckpt36,fr,21,0.30407710974676366,0.020606239052136252,0.304077 +- 0.020606,3
icr_dpo_ckpt36,fr,22,0.3031794728479818,0.02171600175796051,0.303179 +- 0.021716,3
icr_dpo_ckpt36,fr,23,0.28523672382461845,0.02108139076587582,0.285237 +- 0.021081,3
icr_dpo_ckpt36,fr,24,0.23967427787140114,0.019661442327453114,0.239674 +- 0.019661,3
icr_dpo_ckpt36,fr,25,0.22509695306285527,0.019295553411999723,0.225097 +- 0.019296,3
icr_dpo_ckpt36,fr,26,0.1471254563711003,0.016775224429992137,0.147125 +- 0.016775,3
icr_dpo_ckpt36,fr,27,0.12586111994158616,0.01537479915069092,0.125861 +- 0.015375,3
icr_dpo_ckpt36,fr,28,0.11117182935209126,0.015425771946372315,0.111172 +- 0.015426,3
icr_dpo_ckpt36,fr,29,0.11174370017115415,0.014749455999461208,0.111744 +- 0.014749,3
icr_dpo_ckpt36,fr,30,0.11818092305719126,0.014124719094126338,0.118181 +- 0.014125,3
icr_dpo_ckpt36,fr,31,0.1904254024101693,0.00999256889542911,0.190425 +- 0.009993,3
icr_dpo_ckpt36,ru,0,-0.04430662350640907,0.012334622265178249,-0.044307 +- 0.012335,3
icr_dpo_ckpt36,ru,1,-0.1577215486962698,0.02347980783356581,-0.157722 +- 0.023480,3
icr_dpo_ckpt36,ru,2,-0.08997021972343122,0.025241914489973656,-0.089970 +- 0.025242,3
icr_dpo_ckpt36,ru,3,0.07465039104986486,0.02839592042151903,0.074650 +- 0.028396,3
icr_dpo_ckpt36,ru,4,0.14782635919954204,0.03177033568446694,0.147826 +- 0.031770,3
icr_dpo_ckpt36,ru,5,0.17417290493485185,0.032567042375453534,0.174173 +- 0.032567,3
icr_dpo_ckpt36,ru,6,0.1965358790222994,0.028164714464856744,0.196536 +- 0.028165,3
icr_dpo_ckpt36,ru,7,0.21564286711479566,0.024646582898395997,0.215643 +- 0.024647,3
icr_dpo_ckpt36,ru,8,0.23250750709256943,0.024715302368412937,0.232508 +- 0.024715,3
icr_dpo_ckpt36,ru,9,0.22438325245295332,0.023878733565355064,0.224383 +- 0.023879,3
icr_dpo_ckpt36,ru,10,0.21809385517679583,0.021698024094642394,0.218094 +- 0.021698,3
icr_dpo_ckpt36,ru,11,0.1985078834487665,0.02133611274245009,0.198508 +- 0.021336,3
icr_dpo_ckpt36,ru,12,0.19588675929076432,0.018788676614184492,0.195887 +- 0.018789,3
icr_dpo_ckpt36,ru,13,0.24019669546507677,0.019895901758775814,0.240197 +- 0.019896,3
icr_dpo_ckpt36,ru,14,0.24200967260859468,0.01962336610121998,0.242010 +- 0.019623,3
icr_dpo_ckpt36,ru,15,0.30234266815158023,0.021323255985504795,0.302343 +- 0.021323,3
icr_dpo_ckpt36,ru,16,0.2963186372244637,0.021574780960923745,0.296319 +- 0.021575,3
icr_dpo_ckpt36,ru,17,0.30523256962784906,0.021811258360181808,0.305233 +- 0.021811,3
icr_dpo_ckpt36,ru,18,0.2976310306824329,0.02161786242118586,0.297631 +- 0.021618,3
icr_dpo_ckpt36,ru,19,0.2912275905064023,0.021141807433344616,0.291228 +- 0.021142,3
icr_dpo_ckpt36,ru,20,0.2788002141451701,0.020444175367389166,0.278800 +- 0.020444,3
icr_dpo_ckpt36,ru,21,0.28853750597315475,0.021570933554042413,0.288538 +- 0.021571,3
icr_dpo_ckpt36,ru,22,0.2735267374671995,0.022034209398625652,0.273527 +- 0.022034,3
icr_dpo_ckpt36,ru,23,0.267232899099533,0.021549997117021095,0.267233 +- 0.021550,3
icr_dpo_ckpt36,ru,24,0.22955946402684543,0.019173815310253604,0.229559 +- 0.019174,3
icr_dpo_ckpt36,ru,25,0.22379834191740544,0.018885912702517858,0.223798 +- 0.018886,3
icr_dpo_ckpt36,ru,26,0.17952727754320827,0.015316962507605197,0.179527 +- 0.015317,3
icr_dpo_ckpt36,ru,27,0.11918998655627161,0.010753851660919153,0.119190 +- 0.010754,3
icr_dpo_ckpt36,ru,28,0.10578771636031288,0.010190323888150707,0.105788 +- 0.010190,3
icr_dpo_ckpt36,ru,29,0.10725665307925435,0.010312040466723784,0.107257 +- 0.010312,3
icr_dpo_ckpt36,ru,30,0.08770956998768663,0.009828622347916288,0.087710 +- 0.009829,3
icr_dpo_ckpt36,ru,31,0.1852788468179942,0.0168611601621104,0.185279 +- 0.016861,3
icr_npo_ckpt10,de,0,-0.03567735279294689,0.01106101384526645,-0.035677 +- 0.011061,3
icr_npo_ckpt10,de,1,-0.22438027241655495,0.016471782195341688,-0.224380 +- 0.016472,3
icr_npo_ckpt10,de,2,-0.130477062569349,0.018293907911321506,-0.130477 +- 0.018294,3
icr_npo_ckpt10,de,3,0.039927029118845936,0.019641596352020348,0.039927 +- 0.019642,3
icr_npo_ckpt10,de,4,0.1220151960550688,0.020812494648456983,0.122015 +- 0.020812,3
icr_npo_ckpt10,de,5,0.15249190129910917,0.020872835685738823,0.152492 +- 0.020873,3
icr_npo_ckpt10,de,6,0.17495534107264726,0.018674264672348923,0.174955 +- 0.018674,3
icr_npo_ckpt10,de,7,0.1957506695808837,0.01681465236462998,0.195751 +- 0.016815,3
icr_npo_ckpt10,de,8,0.21896782333059872,0.017010440161547537,0.218968 +- 0.017010,3
icr_npo_ckpt10,de,9,0.21572876172089558,0.01629795191877702,0.215729 +- 0.016298,3
icr_npo_ckpt10,de,10,0.20922133694771408,0.014507832929839426,0.209221 +- 0.014508,3
icr_npo_ckpt10,de,11,0.19161904009331915,0.01503502377481012,0.191619 +- 0.015035,3
icr_npo_ckpt10,de,12,0.18752621424913968,0.01390872393648253,0.187526 +- 0.013909,3
icr_npo_ckpt10,de,13,0.2331500303999644,0.015184843727766163,0.233150 +- 0.015185,3
icr_npo_ckpt10,de,14,0.23520581247482605,0.015109253552419306,0.235206 +- 0.015109,3
icr_npo_ckpt10,de,15,0.2924085612929263,0.0150279934811819,0.292409 +- 0.015028,3
icr_npo_ckpt10,de,16,0.291187176081906,0.013722727841495167,0.291187 +- 0.013723,3
icr_npo_ckpt10,de,17,0.30106822759525387,0.01365016628254936,0.301068 +- 0.013650,3
icr_npo_ckpt10,de,18,0.2839489576166782,0.01318149027749942,0.283949 +- 0.013181,3
icr_npo_ckpt10,de,19,0.2805972214062601,0.013294086865760672,0.280597 +- 0.013294,3
icr_npo_ckpt10,de,20,0.26522643839394155,0.012913738622238562,0.265226 +- 0.012914,3
icr_npo_ckpt10,de,21,0.27052709238137457,0.01270972399305046,0.270527 +- 0.012710,3
icr_npo_ckpt10,de,22,0.2653923329817093,0.014790015451746331,0.265392 +- 0.014790,3
icr_npo_ckpt10,de,23,0.23290041339111436,0.01675319084893966,0.232900 +- 0.016753,3
icr_npo_ckpt10,de,24,0.19582195977611624,0.018037605250976436,0.195822 +- 0.018038,3
icr_npo_ckpt10,de,25,0.1694668569382132,0.02022932436541093,0.169467 +- 0.020229,3
icr_npo_ckpt10,de,26,0.12324595493544677,0.021535611375542704,0.123246 +- 0.021536,3
icr_npo_ckpt10,de,27,0.10022414656845209,0.01763034329211392,0.100224 +- 0.017630,3
icr_npo_ckpt10,de,28,0.07707469944453196,0.01969950616525623,0.077075 +- 0.019700,3
icr_npo_ckpt10,de,29,0.08139952402352264,0.015952216978359558,0.081400 +- 0.015952,3
icr_npo_ckpt10,de,30,0.0898851380715259,0.010697311703910715,0.089885 +- 0.010697,3
icr_npo_ckpt10,de,31,0.16857047414123738,0.006013436248430871,0.168570 +- 0.006013,3
icr_npo_ckpt10,es,0,-0.02453008808999872,0.012163807981800686,-0.024530 +- 0.012164,3
icr_npo_ckpt10,es,1,-0.22634974310827718,0.01931969316147891,-0.226350 +- 0.019320,3
icr_npo_ckpt10,es,2,-0.12689202613139403,0.022538082935353792,-0.126892 +- 0.022538,3
icr_npo_ckpt10,es,3,0.06222037645051805,0.028120397299503587,0.062220 +- 0.028120,3
icr_npo_ckpt10,es,4,0.14024443531532896,0.03179346371115917,0.140244 +- 0.031793,3
icr_npo_ckpt10,es,5,0.17564478488442412,0.034146531704597256,0.175645 +- 0.034147,3
icr_npo_ckpt10,es,6,0.19549937742286322,0.03177889858145891,0.195499 +- 0.031779,3
icr_npo_ckpt10,es,7,0.21895506463955358,0.030368686635269954,0.218955 +- 0.030369,3
icr_npo_ckpt10,es,8,0.2404077053057624,0.02971141852042739,0.240408 +- 0.029711,3
icr_npo_ckpt10,es,9,0.23805306236352414,0.028048686072339565,0.238053 +- 0.028049,3
icr_npo_ckpt10,es,10,0.23223547839112077,0.02596206005633313,0.232235 +- 0.025962,3
icr_npo_ckpt10,es,11,0.21315044428060773,0.025995065783922463,0.213150 +- 0.025995,3
icr_npo_ckpt10,es,12,0.21164458247218154,0.023916524957993932,0.211645 +- 0.023917,3
icr_npo_ckpt10,es,13,0.2577087808209861,0.02516176250822902,0.257709 +- 0.025162,3
icr_npo_ckpt10,es,14,0.26616176337377695,0.025778699345626044,0.266162 +- 0.025779,3
icr_npo_ckpt10,es,15,0.3264632647788344,0.026087128381661794,0.326463 +- 0.026087,3
icr_npo_ckpt10,es,16,0.3259516421828079,0.025449905013696164,0.325952 +- 0.025450,3
icr_npo_ckpt10,es,17,0.33813973013476717,0.025112949995454076,0.338140 +- 0.025113,3
icr_npo_ckpt10,es,18,0.3284257590067675,0.02415240028652466,0.328426 +- 0.024152,3
icr_npo_ckpt10,es,19,0.31885977395560344,0.023532853571282725,0.318860 +- 0.023533,3
icr_npo_ckpt10,es,20,0.3041423752543241,0.022652140289463985,0.304142 +- 0.022652,3
icr_npo_ckpt10,es,21,0.3174979753683591,0.02220187902509952,0.317498 +- 0.022202,3
icr_npo_ckpt10,es,22,0.3165309813692251,0.02227342066512421,0.316531 +- 0.022273,3
icr_npo_ckpt10,es,23,0.3030800594102541,0.021198610724325346,0.303080 +- 0.021199,3
icr_npo_ckpt10,es,24,0.24866840645665877,0.01772841380818039,0.248668 +- 0.017728,3
icr_npo_ckpt10,es,25,0.22657080995168039,0.01648860183423661,0.226571 +- 0.016489,3
icr_npo_ckpt10,es,26,0.15663893284160682,0.013814650625694001,0.156639 +- 0.013815,3
icr_npo_ckpt10,es,27,0.12057505112952438,0.010968322997356544,0.120575 +- 0.010968,3
icr_npo_ckpt10,es,28,0.09748744887852932,0.009467239141610807,0.097487 +- 0.009467,3
icr_npo_ckpt10,es,29,0.09464108777427624,0.010183219679830605,0.094641 +- 0.010183,3
icr_npo_ckpt10,es,30,0.09158149837391351,0.010127149405761178,0.091581 +- 0.010127,3
icr_npo_ckpt10,es,31,0.18826438034702472,0.01012500681770115,0.188264 +- 0.010125,3
icr_npo_ckpt10,fr,0,-0.02715827986679261,0.009443556215811846,-0.027158 +- 0.009444,3
icr_npo_ckpt10,fr,1,-0.21761207149370385,0.015480013108326343,-0.217612 +- 0.015480,3
icr_npo_ckpt10,fr,2,-0.12595242994635078,0.01515926115447832,-0.125952 +- 0.015159,3
icr_npo_ckpt10,fr,3,0.04590297630536055,0.017284911773524685,0.045903 +- 0.017285,3
icr_npo_ckpt10,fr,4,0.12416243200288941,0.018545754452524845,0.124162 +- 0.018546,3
icr_npo_ckpt10,fr,5,0.15956129959255957,0.021181115131594885,0.159561 +- 0.021181,3
icr_npo_ckpt10,fr,6,0.1803618286741009,0.02009055181704902,0.180362 +- 0.020091,3
icr_npo_ckpt10,fr,7,0.20416639531667957,0.01963721420616232,0.204166 +- 0.019637,3
icr_npo_ckpt10,fr,8,0.22662375898779624,0.01999061773865087,0.226624 +- 0.019991,3
icr_npo_ckpt10,fr,9,0.22479568870287295,0.019435777551238726,0.224796 +- 0.019436,3
icr_npo_ckpt10,fr,10,0.2197144169381519,0.017904164058530868,0.219714 +- 0.017904,3
icr_npo_ckpt10,fr,11,0.20077073655335,0.01786993112464525,0.200771 +- 0.017870,3
icr_npo_ckpt10,fr,12,0.19835953098299564,0.01718469487261124,0.198360 +- 0.017185,3
icr_npo_ckpt10,fr,13,0.2451368689324645,0.020452689814566626,0.245137 +- 0.020453,3
icr_npo_ckpt10,fr,14,0.2532146779130725,0.020023468097208546,0.253215 +- 0.020023,3
icr_npo_ckpt10,fr,15,0.31408436520457,0.02189551282812865,0.314084 +- 0.021896,3
icr_npo_ckpt10,fr,16,0.3111062878801761,0.021332457470044714,0.311106 +- 0.021332,3
icr_npo_ckpt10,fr,17,0.3182893801728906,0.02124424697658261,0.318289 +- 0.021244,3
icr_npo_ckpt10,fr,18,0.3097063535943479,0.02057565327062023,0.309706 +- 0.020576,3
icr_npo_ckpt10,fr,19,0.2962650133863479,0.01945159737918589,0.296265 +- 0.019452,3
icr_npo_ckpt10,fr,20,0.28451181808427756,0.018974547822449724,0.284512 +- 0.018975,3
icr_npo_ckpt10,fr,21,0.28698577001585396,0.01912882160558243,0.286986 +- 0.019129,3
icr_npo_ckpt10,fr,22,0.2868050802481153,0.020428535101609996,0.286805 +- 0.020429,3
icr_npo_ckpt10,fr,23,0.2699931299964023,0.02044464183727888,0.269993 +- 0.020445,3
icr_npo_ckpt10,fr,24,0.22586928216765018,0.021188048107366193,0.225869 +- 0.021188,3
icr_npo_ckpt10,fr,25,0.21159564721235372,0.021955907167756198,0.211596 +- 0.021956,3
icr_npo_ckpt10,fr,26,0.13404737664929114,0.02519278159241376,0.134047 +- 0.025193,3
icr_npo_ckpt10,fr,27,0.1144590139573142,0.022615997385028643,0.114459 +- 0.022616,3
icr_npo_ckpt10,fr,28,0.09990418697305127,0.025102662466984546,0.099904 +- 0.025103,3
icr_npo_ckpt10,fr,29,0.10327230449414203,0.019156198849249347,0.103272 +- 0.019156,3
icr_npo_ckpt10,fr,30,0.11120223600744995,0.0163702545584623,0.111202 +- 0.016370,3
icr_npo_ckpt10,fr,31,0.1809079768427228,0.010065860226304232,0.180908 +- 0.010066,3
icr_npo_ckpt10,ru,0,-0.04882674839595028,0.011310737868567388,-0.048827 +- 0.011311,3
icr_npo_ckpt10,ru,1,-0.22318628535230436,0.017788930928424308,-0.223186 +- 0.017789,3
icr_npo_ckpt10,ru,2,-0.14176408280740727,0.01840465314328564,-0.141764 +- 0.018405,3
icr_npo_ckpt10,ru,3,0.04018377737263643,0.0225725811498027,0.040184 +- 0.022573,3
icr_npo_ckpt10,ru,4,0.11871714673989223,0.026336544724915204,0.118717 +- 0.026337,3
icr_npo_ckpt10,ru,5,0.14791908846710045,0.028061262276392454,0.147919 +- 0.028061,3
icr_npo_ckpt10,ru,6,0.1714534796900378,0.02465816610878615,0.171453 +- 0.024658,3
icr_npo_ckpt10,ru,7,0.18865993413374216,0.02118071390766799,0.188660 +- 0.021181,3
icr_npo_ckpt10,ru,8,0.20635979513174874,0.021307143180555974,0.206360 +- 0.021307,3
icr_npo_ckpt10,ru,9,0.19749840176899516,0.020405519932998138,0.197498 +- 0.020406,3
icr_npo_ckpt10,ru,10,0.19245265094250624,0.01853994825605024,0.192453 +- 0.018540,3
icr_npo_ckpt10,ru,11,0.17168225349858401,0.018068138024181134,0.171682 +- 0.018068,3
icr_npo_ckpt10,ru,12,0.16629525964317188,0.015032027681118061,0.166295 +- 0.015032,3
icr_npo_ckpt10,ru,13,0.21368117718819646,0.01597137212830366,0.213681 +- 0.015971,3
icr_npo_ckpt10,ru,14,0.2182741225111623,0.015768208477638428,0.218274 +- 0.015768,3
icr_npo_ckpt10,ru,15,0.2795973203040242,0.01752324727284078,0.279597 +- 0.017523,3
icr_npo_ckpt10,ru,16,0.2760532500832025,0.017626610203787182,0.276053 +- 0.017627,3
icr_npo_ckpt10,ru,17,0.2897581097120007,0.018393821863084463,0.289758 +- 0.018394,3
icr_npo_ckpt10,ru,18,0.28570970659967365,0.01844906500068588,0.285710 +- 0.018449,3
icr_npo_ckpt10,ru,19,0.2806411861669724,0.01800779242448042,0.280641 +- 0.018008,3
icr_npo_ckpt10,ru,20,0.26961627084945194,0.017010784734602158,0.269616 +- 0.017011,3
icr_npo_ckpt10,ru,21,0.2813917573885922,0.018085117914725203,0.281392 +- 0.018085,3
icr_npo_ckpt10,ru,22,0.2700282042035136,0.01924878879618577,0.270028 +- 0.019249,3
icr_npo_ckpt10,ru,23,0.2655797796553664,0.019251036957243218,0.265580 +- 0.019251,3
icr_npo_ckpt10,ru,24,0.2319075197558316,0.017445711435033744,0.231908 +- 0.017446,3
icr_npo_ckpt10,ru,25,0.22726439187615138,0.01693429297964537,0.227264 +- 0.016934,3
icr_npo_ckpt10,ru,26,0.18806052901691553,0.014831522593763642,0.188061 +- 0.014832,3
icr_npo_ckpt10,ru,27,0.13513960492681906,0.009698901959602222,0.135140 +- 0.009699,3
icr_npo_ckpt10,ru,28,0.12498276760151397,0.009302958989337695,0.124983 +- 0.009303,3
icr_npo_ckpt10,ru,29,0.12998417763337056,0.010213760912608288,0.129984 +- 0.010214,3
icr_npo_ckpt10,ru,30,0.10919981338843032,0.00865771867407041,0.109200 +- 0.008658,3
icr_npo_ckpt10,ru,31,0.1883163479759672,0.015384892303981284,0.188316 +- 0.015385,3
icr_ppo_ckpt36,de,0,-0.035448396150441104,0.01102746315950774,-0.035448 +- 0.011027,3
icr_ppo_ckpt36,de,1,-0.22399718384535222,0.016523866482395427,-0.223997 +- 0.016524,3
icr_ppo_ckpt36,de,2,-0.13036210752858227,0.018279288165246262,-0.130362 +- 0.018279,3
icr_ppo_ckpt36,de,3,0.04049814930786949,0.019727815315870097,0.040498 +- 0.019728,3
icr_ppo_ckpt36,de,4,0.12233313558720196,0.0209118439782266,0.122333 +- 0.020912,3
icr_ppo_ckpt36,de,5,0.1520184312855615,0.020939894161308297,0.152018 +- 0.020940,3
icr_ppo_ckpt36,de,6,0.17461926828749816,0.018822387875148755,0.174619 +- 0.018822,3
icr_ppo_ckpt36,de,7,0.19627042744330492,0.01698297891350293,0.196270 +- 0.016983,3
icr_ppo_ckpt36,de,8,0.21894110195964472,0.017223022931079215,0.218941 +- 0.017223,3
icr_ppo_ckpt36,de,9,0.2160738519205312,0.016530490738599926,0.216074 +- 0.016530,3
icr_ppo_ckpt36,de,10,0.2094119207812088,0.014735577092619415,0.209412 +- 0.014736,3
icr_ppo_ckpt36,de,11,0.19226284506240748,0.015222279030025519,0.192263 +- 0.015222,3
icr_ppo_ckpt36,de,12,0.18851039199837477,0.014076986095718728,0.188510 +- 0.014077,3
icr_ppo_ckpt36,de,13,0.2343259178186747,0.015392170545057446,0.234326 +- 0.015392,3
icr_ppo_ckpt36,de,14,0.2364881061896064,0.015315180177376517,0.236488 +- 0.015315,3
icr_ppo_ckpt36,de,15,0.2944083747053296,0.015241993878743046,0.294408 +- 0.015242,3
icr_ppo_ckpt36,de,16,0.29328404395144664,0.01394185010602595,0.293284 +- 0.013942,3
icr_ppo_ckpt36,de,17,0.3028356969207896,0.013856313473059982,0.302836 +- 0.013856,3
icr_ppo_ckpt36,de,18,0.2855688366661205,0.013357392446925407,0.285569 +- 0.013357,3
icr_ppo_ckpt36,de,19,0.2822326069709495,0.013487081182759757,0.282233 +- 0.013487,3
icr_ppo_ckpt36,de,20,0.26656778940639114,0.013109731678709506,0.266568 +- 0.013110,3
icr_ppo_ckpt36,de,21,0.270868830542506,0.012901320534962091,0.270869 +- 0.012901,3
icr_ppo_ckpt36,de,22,0.26496488617497804,0.014956196701620513,0.264965 +- 0.014956,3
icr_ppo_ckpt36,de,23,0.23198135236683867,0.016992385854613545,0.231981 +- 0.016992,3
icr_ppo_ckpt36,de,24,0.1942189780761401,0.018464492016780753,0.194219 +- 0.018464,3
icr_ppo_ckpt36,de,25,0.1668924448133992,0.02082795207419383,0.166892 +- 0.020828,3
icr_ppo_ckpt36,de,26,0.120090640503275,0.02235396766188055,0.120091 +- 0.022354,3
icr_ppo_ckpt36,de,27,0.09636456571184826,0.018645238165038165,0.096365 +- 0.018645,3
icr_ppo_ckpt36,de,28,0.07221269302167264,0.020844707115203157,0.072213 +- 0.020845,3
icr_ppo_ckpt36,de,29,0.07681701244074397,0.016991750878343034,0.076817 +- 0.016992,3
icr_ppo_ckpt36,de,30,0.08637309825251645,0.011419587173476246,0.086373 +- 0.011420,3
icr_ppo_ckpt36,de,31,0.17432885015634295,0.006286245621422733,0.174329 +- 0.006286,3
icr_ppo_ckpt36,es,0,-0.02426297509388811,0.012204146562149177,-0.024263 +- 0.012204,3
icr_ppo_ckpt36,es,1,-0.2263040323048298,0.019323000528715505,-0.226304 +- 0.019323,3
icr_ppo_ckpt36,es,2,-0.1268461016392277,0.022574070996751273,-0.126846 +- 0.022574,3
icr_ppo_ckpt36,es,3,0.06280227113766465,0.028173938991577517,0.062802 +- 0.028174,3
icr_ppo_ckpt36,es,4,0.14056877101231355,0.0318156120661282,0.140569 +- 0.031816,3
icr_ppo_ckpt36,es,5,0.17516845612128057,0.034129724651611584,0.175168 +- 0.034130,3
icr_ppo_ckpt36,es,6,0.19507681459827905,0.03178278162764999,0.195077 +- 0.031783,3
icr_ppo_ckpt36,es,7,0.21946765436429402,0.03039377893366645,0.219468 +- 0.030394,3
icr_ppo_ckpt36,es,8,0.24027372451032486,0.0297633393289983,0.240274 +- 0.029763,3
icr_ppo_ckpt36,es,9,0.23806680642226993,0.028096726510220837,0.238067 +- 0.028097,3
icr_ppo_ckpt36,es,10,0.23208552771651295,0.02601433574475368,0.232086 +- 0.026014,3
icr_ppo_ckpt36,es,11,0.21339962597179044,0.02604345931181925,0.213400 +- 0.026043,3
icr_ppo_ckpt36,es,12,0.21211199653627938,0.02397462739898167,0.212112 +- 0.023975,3
icr_ppo_ckpt36,es,13,0.2583099405586496,0.02526203359302669,0.258310 +- 0.025262,3
icr_ppo_ckpt36,es,14,0.26690600752465016,0.02589277854447992,0.266906 +- 0.025893,3
icr_ppo_ckpt36,es,15,0.3279186088003818,0.02624908178205136,0.327919 +- 0.026249,3
icr_ppo_ckpt36,es,16,0.32751519186151,0.02570040214101172,0.327515 +- 0.025700,3
icr_ppo_ckpt36,es,17,0.33952314409355666,0.025386065795006282,0.339523 +- 0.025386,3
icr_ppo_ckpt36,es,18,0.32965156211254837,0.024416285739510723,0.329652 +- 0.024416,3
icr_ppo_ckpt36,es,19,0.3203598810733953,0.02384595386360564,0.320360 +- 0.023846,3
icr_ppo_ckpt36,es,20,0.3054431266804584,0.022960786971331054,0.305443 +- 0.022961,3
icr_ppo_ckpt36,es,21,0.3177263311896905,0.02248794303137711,0.317726 +- 0.022488,3
icr_ppo_ckpt36,es,22,0.31609371351711607,0.022486834091798354,0.316094 +- 0.022487,3
icr_ppo_ckpt36,es,23,0.30222352275197534,0.021357756559546623,0.302224 +- 0.021358,3
icr_ppo_ckpt36,es,24,0.2469661471560173,0.017823858899389755,0.246966 +- 0.017824,3
icr_ppo_ckpt36,es,25,0.22429027719169675,0.01652057751664322,0.224290 +- 0.016521,3
icr_ppo_ckpt36,es,26,0.15350491814897196,0.013792158429040764,0.153505 +- 0.013792,3
icr_ppo_ckpt36,es,27,0.11756751024431719,0.010954807571284154,0.117568 +- 0.010955,3
icr_ppo_ckpt36,es,28,0.09343621653514565,0.009370915442416404,0.093436 +- 0.009371,3
icr_ppo_ckpt36,es,29,0.09021846250722557,0.009918174659125575,0.090218 +- 0.009918,3
icr_ppo_ckpt36,es,30,0.08828624668758239,0.009792957945064903,0.088286 +- 0.009793,3
icr_ppo_ckpt36,es,31,0.1942644061390507,0.01029507954385945,0.194264 +- 0.010295,3
icr_ppo_ckpt36,fr,0,-0.02686694869038864,0.009469316465584637,-0.026867 +- 0.009469,3
icr_ppo_ckpt36,fr,1,-0.2176931346715751,0.015520468272997261,-0.217693 +- 0.015520,3
icr_ppo_ckpt36,fr,2,-0.12603173662402323,0.015149379429212942,-0.126032 +- 0.015149,3
icr_ppo_ckpt36,fr,3,0.04648044170446144,0.01740176050842434,0.046480 +- 0.017402,3
icr_ppo_ckpt36,fr,4,0.12451991031751149,0.018655167784711813,0.124520 +- 0.018655,3
icr_ppo_ckpt36,fr,5,0.15902021145665235,0.02125052166031538,0.159020 +- 0.021251,3
icr_ppo_ckpt36,fr,6,0.1798786663809366,0.02017500583126123,0.179879 +- 0.020175,3
icr_ppo_ckpt36,fr,7,0.20460331847706226,0.01978650819099708,0.204603 +- 0.019787,3
icr_ppo_ckpt36,fr,8,0.22641429477292715,0.020182622456559374,0.226414 +- 0.020183,3
icr_ppo_ckpt36,fr,9,0.2247411900650215,0.019666042990422967,0.224741 +- 0.019666,3
icr_ppo_ckpt36,fr,10,0.2195009446943133,0.01814809443814284,0.219501 +- 0.018148,3
icr_ppo_ckpt36,fr,11,0.20097346100159916,0.0180878046773765,0.200973 +- 0.018088,3
icr_ppo_ckpt36,fr,12,0.1988100621237081,0.017381314847911878,0.198810 +- 0.017381,3
icr_ppo_ckpt36,fr,13,0.2457600328757565,0.020701308024409993,0.245760 +- 0.020701,3
icr_ppo_ckpt36,fr,14,0.2539578058191755,0.020257757411669654,0.253958 +- 0.020258,3
icr_ppo_ckpt36,fr,15,0.31559175746140844,0.022169189149688774,0.315592 +- 0.022169,3
icr_ppo_ckpt36,fr,16,0.31276263509459507,0.021622599530412602,0.312763 +- 0.021623,3
icr_ppo_ckpt36,fr,17,0.319509782701268,0.02154393269971387,0.319510 +- 0.021544,3
icr_ppo_ckpt36,fr,18,0.31078589480153307,0.020849692758621127,0.310786 +- 0.020850,3
icr_ppo_ckpt36,fr,19,0.29766255477850856,0.019756233419072386,0.297663 +- 0.019756,3
icr_ppo_ckpt36,fr,20,0.2855513576590545,0.01926343240570611,0.285551 +- 0.019263,3
icr_ppo_ckpt36,fr,21,0.2871657352862212,0.019365421208901192,0.287166 +- 0.019365,3
icr_ppo_ckpt36,fr,22,0.28636237921684243,0.020622243746459806,0.286362 +- 0.020622,3
icr_ppo_ckpt36,fr,23,0.2690065188865567,0.02063084832840985,0.269007 +- 0.020631,3
icr_ppo_ckpt36,fr,24,0.22410756134940152,0.02148566572008379,0.224108 +- 0.021486,3
icr_ppo_ckpt36,fr,25,0.20914988056399111,0.02235172180921259,0.209150 +- 0.022352,3
icr_ppo_ckpt36,fr,26,0.13162416767310145,0.026060603810939383,0.131624 +- 0.026061,3
icr_ppo_ckpt36,fr,27,0.11140763686501108,0.023795066238741065,0.111408 +- 0.023795,3
icr_ppo_ckpt36,fr,28,0.09572167247208632,0.026497278766804,0.095722 +- 0.026497,3
icr_ppo_ckpt36,fr,29,0.09912464888617319,0.020471393767495353,0.099125 +- 0.020471,3
icr_ppo_ckpt36,fr,30,0.10794813170853991,0.017122018277151624,0.107948 +- 0.017122,3
icr_ppo_ckpt36,fr,31,0.18527999637690099,0.010284186008735267,0.185280 +- 0.010284,3
icr_ppo_ckpt36,ru,0,-0.04870363180797155,0.01136857704721881,-0.048704 +- 0.011369,3
icr_ppo_ckpt36,ru,1,-0.22315976626290046,0.01780927249175101,-0.223160 +- 0.017809,3
icr_ppo_ckpt36,ru,2,-0.14181181534596538,0.01841900738402905,-0.141812 +- 0.018419,3
icr_ppo_ckpt36,ru,3,0.04048390409984317,0.022667820657567464,0.040484 +- 0.022668,3
icr_ppo_ckpt36,ru,4,0.11882686010385478,0.026392210057579416,0.118827 +- 0.026392,3
icr_ppo_ckpt36,ru,5,0.14703328965606946,0.028022952606149884,0.147033 +- 0.028023,3
icr_ppo_ckpt36,ru,6,0.17052469569517253,0.02473981743911038,0.170525 +- 0.024740,3
icr_ppo_ckpt36,ru,7,0.18869627899765237,0.02134452345228514,0.188696 +- 0.021345,3
icr_ppo_ckpt36,ru,8,0.20574853379126762,0.02148011675726063,0.205749 +- 0.021480,3
icr_ppo_ckpt36,ru,9,0.19712019730917696,0.02055212174409222,0.197120 +- 0.020552,3
icr_ppo_ckpt36,ru,10,0.19194790721443722,0.018684668592404724,0.191948 +- 0.018685,3
icr_ppo_ckpt36,ru,11,0.17162923511747244,0.018209411206458796,0.171629 +- 0.018209,3
icr_ppo_ckpt36,ru,12,0.16658295174618298,0.015153292865808594,0.166583 +- 0.015153,3
icr_ppo_ckpt36,ru,13,0.21432363594233092,0.016179502709226325,0.214324 +- 0.016180,3
icr_ppo_ckpt36,ru,14,0.21910896281734252,0.01599360512916237,0.219109 +- 0.015994,3
icr_ppo_ckpt36,ru,15,0.2812195920398196,0.017786325562032804,0.281220 +- 0.017786,3
icr_ppo_ckpt36,ru,16,0.2777261747321237,0.017923597882524275,0.277726 +- 0.017924,3
icr_ppo_ckpt36,ru,17,0.29104132956744927,0.018690347794104303,0.291041 +- 0.018690,3
icr_ppo_ckpt36,ru,18,0.2867523045680478,0.018696335954697847,0.286752 +- 0.018696,3
icr_ppo_ckpt36,ru,19,0.2817509751573533,0.01828359337181056,0.281751 +- 0.018284,3
icr_ppo_ckpt36,ru,20,0.27025229719768407,0.017258883267897623,0.270252 +- 0.017259,3
icr_ppo_ckpt36,ru,21,0.28080073160653174,0.018320355901361576,0.280801 +- 0.018320,3
icr_ppo_ckpt36,ru,22,0.26882598845288513,0.01941524047826004,0.268826 +- 0.019415,3
icr_ppo_ckpt36,ru,23,0.2636091751257029,0.019321059544883064,0.263609 +- 0.019321,3
icr_ppo_ckpt36,ru,24,0.22860158418262072,0.017331967189561478,0.228602 +- 0.017332,3
icr_ppo_ckpt36,ru,25,0.22318817379536154,0.01673888484363965,0.223188 +- 0.016739,3
icr_ppo_ckpt36,ru,26,0.18340427298448256,0.014329056445875081,0.183404 +- 0.014329,3
icr_ppo_ckpt36,ru,27,0.12972383221859798,0.009031420880548417,0.129724 +- 0.009031,3
icr_ppo_ckpt36,ru,28,0.11851321439766416,0.008450234334271021,0.118513 +- 0.008450,3
icr_ppo_ckpt36,ru,29,0.12213735991986219,0.009260705241690101,0.122137 +- 0.009261,3
icr_ppo_ckpt36,ru,30,0.10493001088628519,0.00798503054961265,0.104930 +- 0.007985,3
icr_ppo_ckpt36,ru,31,0.1990763645900064,0.015586751757351249,0.199076 +- 0.015587,3
icr_reinforce,de,0,-0.03564635416921244,0.011096152206687025,-0.035646 +- 0.011096,3
icr_reinforce,de,1,-0.22418493287000876,0.01652607077569767,-0.224185 +- 0.016526,3
icr_reinforce,de,2,-0.12996607977431904,0.018383314196941735,-0.129966 +- 0.018383,3
icr_reinforce,de,3,0.03990708160909942,0.019714320854166394,0.039907 +- 0.019714,3
icr_reinforce,de,4,0.1222172090658945,0.020909688027908938,0.122217 +- 0.020910,3
icr_reinforce,de,5,0.15263949535121557,0.020941289355495732,0.152639 +- 0.020941,3
icr_reinforce,de,6,0.17509794334553394,0.018672585899743174,0.175098 +- 0.018673,3
icr_reinforce,de,7,0.1956048688403959,0.01680744206587239,0.195605 +- 0.016807,3
icr_reinforce,de,8,0.21905908058170098,0.016947595539708833,0.219059 +- 0.016948,3
icr_reinforce,de,9,0.21568284238233695,0.016194644116557137,0.215683 +- 0.016195,3
icr_reinforce,de,10,0.20905501015416927,0.014395669521355597,0.209055 +- 0.014396,3
icr_reinforce,de,11,0.19134015068486035,0.014928354926967265,0.191340 +- 0.014928,3
icr_reinforce,de,12,0.18680269854220194,0.013784964717095529,0.186803 +- 0.013785,3
icr_reinforce,de,13,0.23268888815245842,0.015072860984684718,0.232689 +- 0.015073,3
icr_reinforce,de,14,0.23461259523012473,0.015023788032855662,0.234613 +- 0.015024,3
icr_reinforce,de,15,0.2916849547191606,0.014933994558172325,0.291685 +- 0.014934,3
icr_reinforce,de,16,0.28995408728071675,0.01369387132358444,0.289954 +- 0.013694,3
icr_reinforce,de,17,0.30039349877950683,0.013635264693439137,0.300393 +- 0.013635,3
icr_reinforce,de,18,0.28373860024975833,0.013165463472155763,0.283739 +- 0.013165,3
icr_reinforce,de,19,0.280715015982159,0.013275474369432619,0.280715 +- 0.013275,3
icr_reinforce,de,20,0.265771269888176,0.012878212467883293,0.265771 +- 0.012878,3
icr_reinforce,de,21,0.2709619253473022,0.012634313956865935,0.270962 +- 0.012634,3
icr_reinforce,de,22,0.2663610987794039,0.01466239751422206,0.266361 +- 0.014662,3
icr_reinforce,de,23,0.2340435388268126,0.016544394029389863,0.234044 +- 0.016544,3
icr_reinforce,de,24,0.1976440930133245,0.017757809469133013,0.197644 +- 0.017758,3
icr_reinforce,de,25,0.171457879581814,0.01997291687344753,0.171458 +- 0.019973,3
icr_reinforce,de,26,0.12505563348669713,0.021412025386108462,0.125056 +- 0.021412,3
icr_reinforce,de,27,0.10159966239802011,0.01785427728140714,0.101600 +- 0.017854,3
icr_reinforce,de,28,0.07759345285955471,0.020171230363733937,0.077593 +- 0.020171,3
icr_reinforce,de,29,0.0806969744211474,0.01647421152136068,0.080697 +- 0.016474,3
icr_reinforce,de,30,0.08968239872504408,0.011053381490301635,0.089682 +- 0.011053,3
icr_reinforce,de,31,0.16665766745074703,0.006054018784184838,0.166658 +- 0.006054,3
icr_reinforce,es,0,-0.024327782457851,0.01211708956666396,-0.024328 +- 0.012117,3
icr_reinforce,es,1,-0.22634309011704057,0.0192807614800167,-0.226343 +- 0.019281,3
icr_reinforce,es,2,-0.12657832466081254,0.022546489510747756,-0.126578 +- 0.022546,3
icr_reinforce,es,3,0.06206112642947337,0.02810348955461174,0.062061 +- 0.028103,3
icr_reinforce,es,4,0.14066669988007374,0.03186825126084945,0.140667 +- 0.031868,3
icr_reinforce,es,5,0.1761194938288589,0.03423841363299529,0.176119 +- 0.034238,3
icr_reinforce,es,6,0.1960348147357559,0.03182098911535243,0.196035 +- 0.031821,3
icr_reinforce,es,7,0.2191469141093192,0.030415227736389935,0.219147 +- 0.030415,3
icr_reinforce,es,8,0.24075756276239887,0.029729522774400195,0.240758 +- 0.029730,3
icr_reinforce,es,9,0.238284804028416,0.028060089258209783,0.238285 +- 0.028060,3
icr_reinforce,es,10,0.23217862215380003,0.025948897196804516,0.232179 +- 0.025949,3
icr_reinforce,es,11,0.21295109059423667,0.0260305349184519,0.212951 +- 0.026031,3
icr_reinforce,es,12,0.211043290501922,0.023974356446916898,0.211043 +- 0.023974,3
icr_reinforce,es,13,0.2574071803720216,0.025141236273496743,0.257407 +- 0.025141,3
icr_reinforce,es,14,0.2655219592235413,0.025820919293670735,0.265522 +- 0.025821,3
icr_reinforce,es,15,0.32582613725740306,0.026074764326004966,0.325826 +- 0.026075,3
icr_reinforce,es,16,0.3246287782245593,0.025406205242540753,0.324629 +- 0.025406,3
icr_reinforce,es,17,0.33757078120562833,0.025129519478859077,0.337571 +- 0.025130,3
icr_reinforce,es,18,0.3283868958549069,0.024221188028171445,0.328387 +- 0.024221,3
icr_reinforce,es,19,0.3192292663550615,0.023619164643408186,0.319229 +- 0.023619,3
icr_reinforce,es,20,0.305097865896833,0.022793150598975107,0.305098 +- 0.022793,3
icr_reinforce,es,21,0.3182808218348803,0.022330236242310966,0.318281 +- 0.022330,3
icr_reinforce,es,22,0.3179018472510802,0.022448015500947525,0.317902 +- 0.022448,3
icr_reinforce,es,23,0.30395120107397317,0.02137545727101186,0.303951 +- 0.021375,3
icr_reinforce,es,24,0.2504448585575644,0.01798185805426168,0.250445 +- 0.017982,3
icr_reinforce,es,25,0.228010986102245,0.016802009936775657,0.228011 +- 0.016802,3
icr_reinforce,es,26,0.1586042455000383,0.014177711779095159,0.158604 +- 0.014178,3
icr_reinforce,es,27,0.12204877556600702,0.011263225363333598,0.122049 +- 0.011263,3
icr_reinforce,es,28,0.09740289006984838,0.009707604884575446,0.097403 +- 0.009708,3
icr_reinforce,es,29,0.09328559483279428,0.010438698271617624,0.093286 +- 0.010439,3
icr_reinforce,es,30,0.09080411118547671,0.010430270400085474,0.090804 +- 0.010430,3
icr_reinforce,es,31,0.18612567281998413,0.010153870543819875,0.186126 +- 0.010154,3
icr_reinforce,fr,0,-0.027048736830346466,0.0094165889307745,-0.027049 +- 0.009417,3
icr_reinforce,fr,1,-0.21756477061706567,0.015425965520359004,-0.217565 +- 0.015426,3
icr_reinforce,fr,2,-0.1256257633223263,0.015083137039043534,-0.125626 +- 0.015083,3
icr_reinforce,fr,3,0.04584047659675386,0.01730780678107747,0.045840 +- 0.017308,3
icr_reinforce,fr,4,0.12445346636708234,0.018625723663512218,0.124453 +- 0.018626,3
icr_reinforce,fr,5,0.15994215881876012,0.021243947274572853,0.159942 +- 0.021244,3
icr_reinforce,fr,6,0.18077710367364344,0.020073099480264478,0.180777 +- 0.020073,3
icr_reinforce,fr,7,0.2042766563793472,0.01962898801536392,0.204277 +- 0.019629,3
icr_reinforce,fr,8,0.22697647218083752,0.019953844465894224,0.226976 +- 0.019954,3
icr_reinforce,fr,9,0.2250605357728125,0.019356765848540885,0.225061 +- 0.019357,3
icr_reinforce,fr,10,0.2197316134509027,0.017874205259683505,0.219732 +- 0.017874,3
icr_reinforce,fr,11,0.20068595906818051,0.017854012912888812,0.200686 +- 0.017854,3
icr_reinforce,fr,12,0.19786200932747944,0.017116512311579617,0.197862 +- 0.017117,3
icr_reinforce,fr,13,0.24489727902288866,0.02035132067128617,0.244897 +- 0.020351,3
icr_reinforce,fr,14,0.2527700681077358,0.019933717892374872,0.252770 +- 0.019934,3
icr_reinforce,fr,15,0.31359157700808743,0.021799814129658254,0.313592 +- 0.021800,3
icr_reinforce,fr,16,0.30985725978100886,0.021305674680168505,0.309857 +- 0.021306,3
icr_reinforce,fr,17,0.3175553093096206,0.02122315087883755,0.317555 +- 0.021223,3
icr_reinforce,fr,18,0.3094205635119233,0.020563021205828976,0.309421 +- 0.020563,3
icr_reinforce,fr,19,0.29658510616295247,0.019455184225114053,0.296585 +- 0.019455,3
icr_reinforce,fr,20,0.28528878258877616,0.019009880049785495,0.285289 +- 0.019010,3
icr_reinforce,fr,21,0.28744132603168343,0.019102471356453085,0.287441 +- 0.019102,3
icr_reinforce,fr,22,0.28782598273498544,0.020399111642987192,0.287826 +- 0.020399,3
icr_reinforce,fr,23,0.2708998047372423,0.020377156788639796,0.270900 +- 0.020377,3
icr_reinforce,fr,24,0.22763089584932852,0.02099248509855564,0.227631 +- 0.020992,3
icr_reinforce,fr,25,0.21327027081394204,0.02177222929926149,0.213270 +- 0.021772,3
icr_reinforce,fr,26,0.13638201354485033,0.024943294282766548,0.136382 +- 0.024943,3
icr_reinforce,fr,27,0.11623581729397268,0.022672326427894646,0.116236 +- 0.022672,3
icr_reinforce,fr,28,0.10096907787698609,0.025315455734331128,0.100969 +- 0.025315,3
icr_reinforce,fr,29,0.10379317761378218,0.019343964584588286,0.103793 +- 0.019344,3
icr_reinforce,fr,30,0.11142340601213194,0.016537518103757427,0.111423 +- 0.016538,3
icr_reinforce,fr,31,0.1792054222413353,0.010165415051805855,0.179205 +- 0.010165,3
icr_reinforce,ru,0,-0.04881785243905876,0.011294929590981736,-0.048818 +- 0.011295,3
icr_reinforce,ru,1,-0.22305391942593147,0.017992671647990167,-0.223054 +- 0.017993,3
icr_reinforce,ru,2,-0.14128607010599617,0.01850992615795351,-0.141286 +- 0.018510,3
icr_reinforce,ru,3,0.04012817381348597,0.0226152745604055,0.040128 +- 0.022615,3
icr_reinforce,ru,4,0.11901762709221146,0.026398404937420485,0.119018 +- 0.026398,3
icr_reinforce,ru,5,0.14827191014025634,0.02809009789465383,0.148272 +- 0.028090,3
icr_reinforce,ru,6,0.17201259690003265,0.02461067653128682,0.172013 +- 0.024611,3
icr_reinforce,ru,7,0.18901018489279542,0.02115465774244098,0.189010 +- 0.021155,3
icr_reinforce,ru,8,0.2068889321122154,0.02124583630584982,0.206889 +- 0.021246,3
icr_reinforce,ru,9,0.1979743900080478,0.020283953881043516,0.197974 +- 0.020284,3
icr_reinforce,ru,10,0.19269244036819314,0.018439888353107257,0.192692 +- 0.018440,3
icr_reinforce,ru,11,0.17184336626881888,0.01795808489656459,0.171843 +- 0.017958,3
icr_reinforce,ru,12,0.16615762060609326,0.014942469189152584,0.166158 +- 0.014942,3
icr_reinforce,ru,13,0.2134398125243495,0.0157744124899764,0.213440 +- 0.015774,3
icr_reinforce,ru,14,0.2181527046766881,0.015447237509586695,0.218153 +- 0.015447,3
icr_reinforce,ru,15,0.27924444640484225,0.01718922844090755,0.279244 +- 0.017189,3
icr_reinforce,ru,16,0.27528628351972,0.01728103533428018,0.275286 +- 0.017281,3
icr_reinforce,ru,17,0.2887810879503302,0.018093875796091032,0.288781 +- 0.018094,3
icr_reinforce,ru,18,0.28508341029323053,0.018169875779124864,0.285083 +- 0.018170,3
icr_reinforce,ru,19,0.28020700559632605,0.017711913802902098,0.280207 +- 0.017712,3
icr_reinforce,ru,20,0.26960342526694697,0.016766546206814326,0.269603 +- 0.016767,3
icr_reinforce,ru,21,0.28136207531978563,0.01780196221816865,0.281362 +- 0.017802,3
icr_reinforce,ru,22,0.27060593271627875,0.019028097923644113,0.270606 +- 0.019028,3
icr_reinforce,ru,23,0.2661152564135418,0.019087434224884296,0.266115 +- 0.019087,3
icr_reinforce,ru,24,0.2328649589069883,0.017345425617174403,0.232865 +- 0.017345,3
icr_reinforce,ru,25,0.22808577529433186,0.016886657933783716,0.228086 +- 0.016887,3
icr_reinforce,ru,26,0.18854839608528104,0.01469234057996879,0.188548 +- 0.014692,3
icr_reinforce,ru,27,0.13556312375979968,0.009479532117980308,0.135563 +- 0.009480,3
icr_reinforce,ru,28,0.12468218479095766,0.009005988522832626,0.124682 +- 0.009006,3
icr_reinforce,ru,29,0.12887632313136066,0.009884084915298718,0.128876 +- 0.009884,3
icr_reinforce,ru,30,0.10893391075647701,0.008444782065162937,0.108934 +- 0.008445,3
icr_reinforce,ru,31,0.18686329380126657,0.0150633266255111,0.186863 +- 0.015063,3
