folder,lang_prefix,model_type,version,total_samples,mislang_count,mislang_pct,avg_length,top1_lang,top1_count,top1_pct,top2_lang,top2_count,top2_pct,top3_lang,top3_count,top3_pct,others_count,others_pct
de-results-icr_enesru_llama3_8b_dpo_250426_v0,de,dpo_250426,v0,805,15,1.86,1530.38,en,10,66.67,it,1,6.67,es,1,6.67,3,20.00
de-results-icr_enesru_llama3_8b_npo_150426_v0,de,npo_150426,v0,804,26,3.23,8176.24,ru,11,42.31,es,2,7.69,fr,2,7.69,11,42.31
de-results-icr_enesru_llama3_8b_npo_checkpoint-1_v0,de,npo_checkpoint-1,v0,805,205,25.47,1688.48,en,200,97.56,fi,1,0.49,es,1,0.49,3,1.46
de-results-icr_enesru_llama3_8b_npo_checkpoint-2_v0,de,npo_checkpoint-2,v0,805,222,27.58,1709.19,en,215,96.85,fr,3,1.35,zh,2,0.90,2,0.90
de-results-icr_enesru_llama3_8b_npo_checkpoint-3_v0,de,npo_checkpoint-3,v0,805,212,26.34,1731.73,en,207,97.64,fr,2,0.94,zh,1,0.47,2,0.94
de-results-icr_enesru_llama3_8b_npo_checkpoint-4_v0,de,npo_checkpoint-4,v0,805,214,26.58,1727.46,en,207,96.73,fr,3,1.40,sr,1,0.47,3,1.40
de-results-icr_enesru_llama3_8b_npo_checkpoint-5_v0,de,npo_checkpoint-5,v0,805,214,26.58,1721.64,en,208,97.20,fr,2,0.93,fi,1,0.47,3,1.40
de-results-icr_enesru_llama3_8b_ppo_150426_v0,de,ppo_150426,v0,805,135,16.77,1696.87,en,130,96.30,fr,2,1.48,zh,1,0.74,2,1.48
de-results-icr_enesru_llama3_8b_sft_150426_v0,de,sft_150426,v0,805,132,16.40,1992.23,en,129,97.73,fr,2,1.52,es,1,0.76,0,0.00
de-results-icr_enesru_llama3_8b_w-reinforce_150426_v0,de,w-reinforce_150426,v0,805,19,2.36,1688.83,en,16,84.21,fr,1,5.26,zh,1,5.26,1,5.26
en-results-icr_enesru_llama3_8b_dpo_250426_v0,en,dpo_250426,v0,805,20,2.48,1541.44,es,10,50.00,fr,5,25.00,de,2,10.00,3,15.00
en-results-icr_enesru_llama3_8b_npo_150426_v0,en,npo_150426,v0,790,775,98.10,3167.26,ru,269,34.71,fr,91,11.74,uk,69,8.90,346,44.65
en-results-icr_enesru_llama3_8b_npo_checkpoint-1_v0,en,npo_checkpoint-1,v0,805,2,0.25,1646.62,de,1,50.00,fr,1,50.00,,,,0,0.00
en-results-icr_enesru_llama3_8b_npo_checkpoint-2_v0,en,npo_checkpoint-2,v0,805,4,0.50,1695.23,fr,2,50.00,ceb,1,25.00,et,1,25.00,0,0.00
en-results-icr_enesru_llama3_8b_npo_checkpoint-3_v0,en,npo_checkpoint-3,v0,805,5,0.62,1639.82,de,1,20.00,da,1,20.00,es,1,20.00,2,40.00
en-results-icr_enesru_llama3_8b_npo_checkpoint-4_v0,en,npo_checkpoint-4,v0,805,4,0.50,1631.63,de,2,50.00,fr,1,25.00,ko,1,25.00,0,0.00
en-results-icr_enesru_llama3_8b_npo_checkpoint-5_v0,en,npo_checkpoint-5,v0,805,2,0.25,1629.96,et,1,50.00,fr,1,50.00,,,,0,0.00
en-results-icr_enesru_llama3_8b_ppo_150426_v0,en,ppo_150426,v0,805,4,0.50,1907.71,zh,1,25.00,da,1,25.00,fr,1,25.00,1,25.00
en-results-icr_enesru_llama3_8b_sft_150426_v0,en,sft_150426,v0,805,3,0.37,1784.19,de,2,66.67,fr,1,33.33,,,,0,0.00
en-results-icr_enesru_llama3_8b_w-reinforce_150426_v0,en,w-reinforce_150426,v0,805,9,1.12,1673.55,fr,3,33.33,es,2,22.22,de,2,22.22,2,22.22
es-results-icr_enesru_llama3_8b_dpo_250426_v1,es,dpo_250426,v1,805,8,0.99,1476.39,pt,2,25.00,en,2,25.00,is,1,12.50,3,37.50
es-results-icr_enesru_llama3_8b_npo_150426_v1,es,npo_150426,v1,803,16,1.99,8497.04,ru,8,50.00,fr,3,18.75,pt,2,12.50,3,18.75
es-results-icr_enesru_llama3_8b_npo_checkpoint-1_v1,es,npo_checkpoint-1,v1,805,208,25.84,1664.00,en,203,97.60,fr,2,0.96,da,1,0.48,2,0.96
es-results-icr_enesru_llama3_8b_npo_checkpoint-2_v1,es,npo_checkpoint-2,v1,805,206,25.59,1645.58,en,203,98.54,is,1,0.49,de,1,0.49,1,0.49
es-results-icr_enesru_llama3_8b_npo_checkpoint-3_v1,es,npo_checkpoint-3,v1,805,207,25.71,1671.87,en,203,98.07,fi,1,0.48,fr,1,0.48,2,0.97
es-results-icr_enesru_llama3_8b_npo_checkpoint-4_v1,es,npo_checkpoint-4,v1,805,205,25.47,1664.65,en,200,97.56,pt,2,0.98,fr,2,0.98,1,0.49
es-results-icr_enesru_llama3_8b_npo_checkpoint-5_v1,es,npo_checkpoint-5,v1,805,205,25.47,1672.89,en,200,97.56,fr,2,0.98,is,1,0.49,2,0.98
es-results-icr_enesru_llama3_8b_ppo_150426_v1,es,ppo_150426,v1,805,137,17.02,1609.34,en,131,95.62,fr,2,1.46,de,2,1.46,2,1.46
es-results-icr_enesru_llama3_8b_sft_150426_v1,es,sft_150426,v1,805,107,13.29,2077.11,en,100,93.46,de,2,1.87,fr,2,1.87,3,2.80
es-results-icr_enesru_llama3_8b_w-reinforce_150426_v1,es,w-reinforce_150426,v1,805,12,1.49,1583.17,en,9,75.00,is,1,8.33,fr,1,8.33,1,8.33
fr-results-icr_enesru_llama3_8b_dpo_250426_v0,fr,dpo_250426,v0,805,7,0.87,1538.03,en,4,57.14,de,2,28.57,es,1,14.29,0,0.00
fr-results-icr_enesru_llama3_8b_npo_150426_v0,fr,npo_150426,v0,804,15,1.87,6883.91,ru,4,26.67,it,2,13.33,de,2,13.33,7,46.67
fr-results-icr_enesru_llama3_8b_npo_checkpoint-1_v0,fr,npo_checkpoint-1,v0,805,147,18.26,1709.12,en,143,97.28,de,2,1.36,es,1,0.68,1,0.68
fr-results-icr_enesru_llama3_8b_npo_checkpoint-2_v0,fr,npo_checkpoint-2,v0,805,131,16.27,1726.17,en,127,96.95,de,2,1.53,da,1,0.76,1,0.76
fr-results-icr_enesru_llama3_8b_npo_checkpoint-3_v0,fr,npo_checkpoint-3,v0,805,141,17.52,1703.49,en,139,98.58,is,1,0.71,de,1,0.71,0,0.00
fr-results-icr_enesru_llama3_8b_npo_checkpoint-4_v0,fr,npo_checkpoint-4,v0,805,146,18.14,1697.60,en,142,97.26,de,3,2.05,tr,1,0.68,0,0.00
fr-results-icr_enesru_llama3_8b_npo_checkpoint-5_v0,fr,npo_checkpoint-5,v0,805,143,17.76,1691.83,en,139,97.20,de,2,1.40,fi,1,0.70,1,0.70
fr-results-icr_enesru_llama3_8b_ppo_150426_v0,fr,ppo_150426,v0,805,75,9.32,1752.53,en,72,96.00,fi,1,1.33,de,1,1.33,1,1.33
fr-results-icr_enesru_llama3_8b_sft_150426_v0,fr,sft_150426,v0,805,92,11.43,2381.25,en,83,90.22,es,4,4.35,de,2,2.17,3,3.26
fr-results-icr_enesru_llama3_8b_w-reinforce_150426_v0,fr,w-reinforce_150426,v0,805,10,1.24,1710.80,en,8,80.00,cy,1,10.00,de,1,10.00,0,0.00
fr-results-mapo_enesru_llama3_8b_npo_checkpoint-5_v0,fr,npo_checkpoint-5,v0,805,140,17.39,1768.29,en,139,99.29,de,1,0.71,,,,0,0.00
ru-results-icr_enesru_llama3_8b_dpo_250426_v2,ru,dpo_250426,v2,805,7,0.87,1449.61,en,4,57.14,mk,1,14.29,es,1,14.29,1,14.29
ru-results-icr_enesru_llama3_8b_npo_150426_v2,ru,npo_150426,v2,797,17,2.13,935.58,uk,9,52.94,sr,3,17.65,bg,2,11.76,3,17.65
ru-results-icr_enesru_llama3_8b_npo_checkpoint-1_v2,ru,npo_checkpoint-1,v2,805,234,29.07,1640.20,en,229,97.86,fr,2,0.85,es,1,0.43,2,0.85
ru-results-icr_enesru_llama3_8b_npo_checkpoint-2_v2,ru,npo_checkpoint-2,v2,805,231,28.70,1652.55,en,224,96.97,fr,2,0.87,zh,2,0.87,3,1.30
ru-results-icr_enesru_llama3_8b_npo_checkpoint-3_v2,ru,npo_checkpoint-3,v2,805,228,28.32,1651.20,en,221,96.93,fr,2,0.88,hu,1,0.44,4,1.75
ru-results-icr_enesru_llama3_8b_npo_checkpoint-4_v2,ru,npo_checkpoint-4,v2,805,222,27.58,1620.83,en,216,97.30,fr,3,1.35,es,1,0.45,2,0.90
ru-results-icr_enesru_llama3_8b_npo_checkpoint-5_v2,ru,npo_checkpoint-5,v2,805,236,29.32,1655.61,en,230,97.46,fr,3,1.27,es,1,0.42,2,0.85
ru-results-icr_enesru_llama3_8b_ppo_150426_v2,ru,ppo_150426,v2,805,161,20.00,1524.10,en,154,95.65,fr,3,1.86,zh,1,0.62,3,1.86
ru-results-icr_enesru_llama3_8b_sft_150426_v2,ru,sft_150426,v2,805,116,14.41,2048.90,en,115,99.14,fr,1,0.86,,,,0,0.00
ru-results-icr_enesru_llama3_8b_w-reinforce_150426_v2,ru,w-reinforce_150426,v2,805,9,1.12,1683.04,en,6,66.67,uk,1,11.11,fr,1,11.11,1,11.11
